Workbook
Name ExternalData_1: Sheet10!$A$1:$B$71
Name ExternalData_1: Sheet11!$A$1:$B$57
Name ExternalData_1: Sheet5!$A$1:$B$51
Name ExternalData_1: Sheet6!$A$1:$B$41

Sheet Todo en 0
A1: 0 | K1: 0.04 | U1: 0.08
A2: uh122 | B2: 0.0025 | C2: -0.37890394 | D2: -1.0970654 | E2: 0.58712744 | F2: 0.19712478 | G2: =C3-C2 -> 0.073452118 | H2: =D3-D2 -> -0.010600339 | I2: =E3-E2 -> -0.01311211 | J2: =F3-F2 -> -0.006557884 | K2: uh122 | L2: 0.0425 | M2: 0.82963601 | N2: -1.2714774 | O2: 0.37138814 | P2: 0.089225035 | Q2: =M3-M2 -> 0.077954971 | R2: =N3-N2 -> -0.011250174 | S2: =O3-O2 -> -0.013915925 | T2: =P3-P2 -> -0.0069599036 | U2: uh122 | V2: 0.0825 | W2: 2.112919 | X2: -1.4566761 | Y2: 0.14230629 | Z2: -0.025347847 | AA2: =W3-W2 -> 0.082822589 | AB2: =X3-X2 -> -0.011952651 | AC2: =Y3-Y2 -> -0.014784855 | AD2: =Z3-Z2 -> -0.0073944898
B3: 0.005 | C3: -0.30545182 | D3: -1.1076657 | E3: 0.57401533 | F3: 0.1905669 | G3: =C4-C3 -> 0.073723403 | H3: =D4-D3 -> -0.010639489 | I3: =E4-E3 -> -0.013160538 | J3: =F4-F3 -> -0.0065821046 | L3: 0.045 | M3: 0.90759098 | N3: -1.2827276 | O3: 0.35747221 | P3: 0.082265131 | Q3: =M4-M3 -> 0.078248211 | R3: =N4-N3 -> -0.011292493 | S3: =O4-O3 -> -0.013968272 | T3: =P4-P3 -> -0.0069860844 | V3: 0.085 | W3: 2.1957416 | X3: -1.4686287 | Y3: 0.12752143 | Z3: -0.032742337 | AA3: =W4-W3 -> 0.083139591 | AB3: =X4-X3 -> -0.011998399 | AC3: =Y4-Y3 -> -0.014841443 | AD3: =Z4-Z3 -> -0.007422792
B4: 0.0075 | C4: -0.23172842 | D4: -1.1183052 | E4: 0.56085479 | F4: 0.18398479 | G4: =C5-C4 -> 0.073996007 | H4: =D5-D4 -> -0.010678831 | I4: =E5-E4 -> -0.013209201 | J4: =F5-F4 -> -0.0066064431 | L4: 0.0475 | M4: 0.98583919 | N4: -1.2940201 | O4: 0.34350394 | P4: 0.075279047 | Q4: =M5-M4 -> 0.078542882 | R4: =N5-N4 -> -0.011335019 | S4: =O5-O4 -> -0.014020874 | T4: =P5-P4 -> -0.0070123929 | V4: 0.0875 | W4: 2.2788811 | X4: -1.4806271 | Y4: 0.11267999 | Z4: -0.040165129 | AA4: =W5-W4 -> 0.083458139 | AB4: =X5-X4 -> -0.012044371 | AC4: =Y5-Y4 -> -0.014898308 | AD4: =Z5-Z4 -> -0.0074512323
B5: 0.01 | C5: -0.15773241 | D5: -1.128984 | E5: 0.54764559 | F5: 0.17737835 | G5: =C6-C5 -> 0.074269939 | H5: =D6-D5 -> -0.010718364 | I5: =E6-E5 -> -0.013258101 | J5: =F6-F5 -> -0.0066309 | L5: 0.05 | M5: 1.0643821 | N5: -1.3053551 | O5: 0.32948307 | P5: 0.068266654 | Q5: =M6-M5 -> 0.078838992 | R5: =N6-N5 -> -0.011377753 | S5: =O6-O5 -> -0.014073733 | T5: =P6-P5 -> -0.0070388299 | V5: 0.09 | W5: 2.3623393 | X5: -1.4926715 | Y5: 0.097781681 | Z5: -0.047616361 | AA5: =W6-W5 -> 0.08377824 | AB5: =X6-X5 -> -0.012090567 | AC5: =Y6-Y5 -> -0.01495545 | AD5: =Z6-Z5 -> -0.0074798113
B6: 0.0125 | C6: -0.083462473 | D6: -1.1397024 | E6: 0.53438749 | F6: 0.17074745 | G6: =C7-C6 -> 0.074545206 | H6: =D7-D6 -> -0.010758089 | I6: =E7-E6 -> -0.01330724 | J6: =F7-F6 -> -0.0066554761 | L6: 0.0525 | M6: 1.1432211 | N6: -1.3167328 | O6: 0.31540933 | P6: 0.061227824 | Q6: =M7-M6 -> 0.079136548 | R6: =N7-N6 -> -0.011420695 | S6: =O7-O6 -> -0.014126851 | T6: =P7-P6 -> -0.007065396 | V6: 0.0925 | W6: 2.4461175 | X6: -1.504762 | Y6: 0.082826231 | Z6: -0.055096172 | AA6: =W7-W6 -> 0.084099901 | AB6: =X7-X6 -> -0.012136988 | AC6: =Y7-Y6 -> -0.015012871 | AD6: =Z7-Z6 -> -0.0075085296
B7: 0.015 | C7: -0.008917267 | D7: -1.1504605 | E7: 0.52108025 | F7: 0.16409197 | G7: =C8-C7 -> 0.074821813 | H7: =D8-D7 -> -0.010798008 | I7: =E8-E7 -> -0.013356617 | J7: =F8-F7 -> -0.0066801718 | L7: 0.055 | M7: 1.2223576 | N7: -1.3281535 | O7: 0.30128248 | P7: 0.054162428 | Q7: =M8-M7 -> 0.079435557 | R7: =N8-N7 -> -0.011463846 | S7: =O8-O7 -> -0.014180228 | T7: =P8-P7 -> -0.0070920919 | V7: 0.095 | W7: 2.5302174 | X7: -1.516899 | Y7: 0.06781336 | Z7: -0.062604702 | AA7: =W8-W7 -> 0.084423131 | AB7: =X8-X7 -> -0.012183635 | AC7: =Y8-Y7 -> -0.015070571 | AD7: =Z8-Z7 -> -0.0075373878
B8: 0.0175 | C8: 0.065904546 | D8: -1.1612585 | E8: 0.50772363 | F8: 0.1574118 | G8: =C9-C8 -> 0.075099768 | H8: =D9-D8 -> -0.010838121 | I8: =E9-E8 -> -0.013406236 | J8: =F9-F8 -> -0.006704988 | L8: 0.0575 | M8: 1.3017932 | N8: -1.3396174 | O8: 0.28710226 | P8: 0.047070336 | Q8: =M9-M8 -> 0.079736025 | R8: =N9-N8 -> -0.011507209 | S8: =O9-O8 -> -0.014233865 | T8: =P9-P8 -> -0.007118918 | V8: 0.0975 | W8: 2.6146406 | X8: -1.5290827 | Y8: 0.052742789 | Z8: -0.07014209 | AA8: =W9-W8 -> 0.084747935 | AB8: =X9-X8 -> -0.012230509 | AC8: =Y9-Y8 -> -0.015128553 | AD8: =Z9-Z8 -> -0.0075663867
B9: 0.02 | C9: 0.14100431 | D9: -1.1720966 | E9: 0.4943174 | F9: 0.15070681 | G9: =AVERAGE(G2:G8) -> 0.074272608 | H9: =AVERAGE(H2:H8) -> -0.010718749 | I9: =AVERAGE(I2:I8) -> -0.013258577 | J9: =AVERAGE(J2:J8) -> -0.0066311382 | L9: 0.06 | M9: 1.3815292 | N9: -1.3511246 | O9: 0.27286839 | P9: 0.039951418 | Q9: =AVERAGE(Q2:Q8) -> 0.078841884 | R9: =AVERAGE(R2:R8) -> -0.01137817 | S9: =AVERAGE(S2:S8) -> -0.01407425 | T9: =AVERAGE(T2:T8) -> -0.0070390881 | V9: 0.1 | W9: 2.6993885 | X9: -1.5413132 | Y9: 0.037614236 | Z9: -0.077708476 | AA9: =AVERAGE(AA2:AA8) -> 0.083781361 | AB9: =AVERAGE(AB2:AB8) -> -0.012091017 | AC9: =AVERAGE(AC2:AC8) -> -0.014956007 | AD9: =AVERAGE(AD2:AD8) -> -0.0074800899
A10: uh211 | B10: 0.0025 | C10: -0.45208609 | D10: -1.066148 | E10: 0.57688441 | F10: 0.21625175 | G10: =C11-C10 -> 0 | H10: =D11-D10 -> 0.02044333 | I10: =E11-E10 -> -0.023406973 | J10: =F11-F10 -> 0.012647236 | K10: uh211 | L10: 0.0425 | M10: -0.45208609 | N10: -0.72820778 | O10: 0.18995342 | P10: 0.42531799 | Q10: =M11-M10 -> 0 | R10: =N11-N10 -> 0.021914655 | S10: =O11-O10 -> -0.025091594 | T10: =P11-P10 -> 0.013557469 | U10: uh211 | V10: 0.0825 | W10: -0.45208609 | X10: -0.36562385 | Y10: -0.22519381 | Z10: 0.64963 | AA10: =W11-W10 -> 0 | AB10: =X11-X10 -> 0.023536046 | AC10: =Y11-Y10 -> -0.026948036 | AD10: =Z11-Z10 -> 0.014560541
B11: 0.005 | C11: -0.45208609 | D11: -1.0457047 | E11: 0.55347744 | F11: 0.22889899 | G11: =C12-C11 -> 0 | H11: =D12-D11 -> 0.02053121 | I11: =E12-E11 -> -0.023507593 | J11: =F12-F11 -> 0.012701603 | L11: 0.045 | M11: -0.45208609 | N11: -0.70629312 | O11: 0.16486183 | P11: 0.43887546 | Q11: =M12-M11 -> 0 | R11: =N12-N11 -> 0.022011416 | S11: =O12-O11 -> -0.025202381 | T11: =P12-P11 -> 0.01361733 | V11: 0.085 | W11: -0.45208609 | X11: -0.34208781 | Y11: -0.25214185 | Z11: 0.66419054 | AA11: =W12-W11 -> 0 | AB11: =X12-X11 -> 0.023642774 | AC11: =Y12-Y11 -> -0.027070235 | AD11: =Z12-Z11 -> 0.014626568
B12: 0.0075 | C12: -0.45208609 | D12: -1.0251735 | E12: 0.52996984 | F12: 0.24160059 | G12: =C13-C12 -> 0 | H12: =D13-D12 -> 0.020619616 | I12: =E13-E12 -> -0.023608814 | J12: =F13-F12 -> 0.012756295 | L12: 0.0475 | M12: -0.45208609 | N12: -0.68428171 | O12: 0.13965945 | P12: 0.45249279 | Q12: =M13-M12 -> 0 | R12: =N13-N12 -> 0.022108766 | S12: =O13-O12 -> -0.025313844 | T12: =P13-P12 -> 0.013677556 | V12: 0.0875 | W12: -0.45208609 | X12: -0.31844503 | Y12: -0.27921208 | Z12: 0.67881711 | AA12: =W13-W12 -> 0 | AB12: =X13-X12 -> 0.023750164 | AC12: =Y13-Y12 -> -0.027193193 | AD12: =Z13-Z12 -> 0.014693004
B13: 0.01 | C13: -0.45208609 | D13: -1.0045539 | E13: 0.50636103 | F13: 0.25435689 | G13: =C14-C13 -> 0 | H13: =D14-D13 -> 0.020708551 | I13: =E14-E13 -> -0.023710642 | J13: =F14-F13 -> 0.012811315 | L13: 0.05 | M13: -0.45208609 | N13: -0.66217294 | O13: 0.11434561 | P13: 0.46617034 | Q13: =M14-M13 -> 0 | R13: =N14-N13 -> 0.02220671 | S13: =O14-O13 -> -0.025425987 | T13: =P14-P13 -> 0.013738149 | V13: 0.09 | W13: -0.45208609 | X13: -0.29469487 | Y13: -0.30640527 | Z13: 0.69351012 | AA13: =W14-W13 -> 0 | AB13: =X14-X13 -> 0.02385822 | AC13: =Y14-Y13 -> -0.027316915 | AD13: =Z14-Z13 -> 0.014759853
B14: 0.0125 | C14: -0.45208609 | D14: -0.98384531 | E14: 0.48265039 | F14: 0.2671682 | G14: =C15-C14 -> 0 | H14: =D15-D14 -> 0.020798019 | I14: =E15-E14 -> -0.02381308 | J14: =F15-F14 -> 0.012866664 | L14: 0.0525 | M14: -0.45208609 | N14: -0.63996623 | O14: 0.088919618 | P14: 0.47990849 | Q14: =M15-M14 -> 0 | R14: =N15-N14 -> 0.022305253 | S14: =O15-O14 -> -0.025538816 | T14: =P15-P14 -> 0.013799112 | V14: 0.0925 | W14: -0.45208609 | X14: -0.27083665 | Y14: -0.33372219 | Z14: 0.70826997 | AA14: =W15-W14 -> 0 | AB14: =X15-X14 -> 0.023966948 | AC14: =Y15-Y14 -> -0.027441405 | AD14: =Z15-Z14 -> 0.014827118
B15: 0.015 | C15: -0.45208609 | D15: -0.96304729 | E15: 0.45883731 | F15: 0.28003487 | G15: =C16-C15 -> 0 | H15: =D16-D15 -> 0.020888025 | I15: =E16-E15 -> -0.023916133 | J15: =F16-F15 -> 0.012922346 | L15: 0.055 | M15: -0.45208609 | N15: -0.61766098 | O15: 0.063380803 | P15: 0.4937076 | Q15: =M16-M15 -> 0 | R15: =N16-N15 -> 0.022404398 | S15: =O16-O15 -> -0.025652334 | T15: =P16-P15 -> 0.013860448 | V15: 0.095 | W15: -0.45208609 | X15: -0.2468697 | Y15: -0.36116359 | Z15: 0.72309709 | AA15: =W16-W15 -> 0 | AB15: =X16-X15 -> 0.024076353 | AC15: =Y16-Y15 -> -0.02756667 | AD15: =Z16-Z15 -> 0.014894801
B16: 0.0175 | C16: -0.45208609 | D16: -0.94215927 | E16: 0.43492117 | F16: 0.29295721 | G16: =C17-C16 -> 0 | H16: =D17-D16 -> 0.020978571 | I16: =E17-E16 -> -0.024019806 | J16: =F17-F16 -> 0.012978362 | L16: 0.0575 | M16: -0.45208609 | N16: -0.59525658 | O16: 0.037728469 | P16: 0.50756805 | Q16: =M17-M16 -> 0 | R16: =N17-N16 -> 0.022504151 | S16: =O17-O16 -> -0.025766547 | T16: =P17-P16 -> 0.01392216 | V16: 0.0975 | W16: -0.45208609 | X16: -0.22279335 | Y16: -0.38873026 | Z16: 0.73799189 | AA16: =W17-W16 -> 0 | AB16: =X17-X16 -> 0.024186439 | AC16: =Y17-Y16 -> -0.027692715 | AD16: =Z17-Z16 -> 0.014962905
B17: 0.02 | C17: -0.45208609 | D17: -0.9211807 | E17: 0.41090137 | F17: 0.30593557 | G17: =AVERAGE(G10:G16) -> 0 | H17: =AVERAGE(H10:H16) -> 0.020709617 | I17: =AVERAGE(I10:I16) -> -0.023711863 | J17: =AVERAGE(J10:J16) -> 0.012811975 | L17: 0.06 | M17: -0.45208609 | N17: -0.57275243 | O17: 0.011961922 | P17: 0.52149021 | Q17: =AVERAGE(Q10:Q16) -> 0 | R17: =AVERAGE(R10:R16) -> 0.022207907 | S17: =AVERAGE(S10:S16) -> -0.025427358 | T17: =AVERAGE(T10:T16) -> 0.013738889 | V17: 0.1 | W17: -0.45208609 | X17: -0.19860691 | Y17: -0.41642298 | Z17: 0.75295479 | AA17: =AVERAGE(AA10:AA16) -> 0 | AB17: =AVERAGE(AB10:AB16) -> 0.023859564 | AC17: =AVERAGE(AC10:AC16) -> -0.027318453 | AD17: =AVERAGE(AD10:AD16) -> 0.014760684
A18: uh222 | B18: 0.0025 | C18: -0.45208609 | D18: -1.0670389 | E18: 0.60019136 | F18: 0.19122872 | G18: =C19-C18 -> 0 | H18: =D19-D18 -> 0.019546724 | I18: =E19-E18 -> 0 | J18: =F19-F18 -> -0.01248199 | K18: uh222 | L18: 0.0425 | M18: -0.45208609 | N18: -0.74413904 | O18: 0.60019136 | P18: -0.014966095 | Q18: =M19-M18 -> 0 | R18: =N19-N18 -> 0.020924726 | S18: =O19-O18 -> 0 | T18: =P19-P18 -> -0.013361943 | U18: uh222 | V18: 0.0825 | W18: -0.45208609 | X18: -0.39811416 | Y18: 0.60019136 | Z18: -0.23592788 | AA18: =W19-W18 -> 0 | AB18: =X19-X18 -> 0.022449738 | AC18: =Y19-Y18 -> 0 | AD18: =Z19-Z18 -> -0.014335773
B19: 0.005 | C19: -0.45208609 | D19: -1.0474922 | E19: 0.60019136 | F19: 0.17874673 | G19: =C20-C19 -> 0 | H19: =D20-D19 -> 0.019628894 | I19: =E20-E19 -> 0 | J19: =F20-F19 -> -0.012534461 | L19: 0.045 | M19: -0.45208609 | N19: -0.72321431 | O19: 0.60019136 | P19: -0.028328038 | Q19: =M20-M19 -> 0 | R19: =N20-N19 -> 0.021015532 | S19: =O20-O19 -> 0 | T19: =P20-P19 -> -0.013419929 | V19: 0.085 | W19: -0.45208609 | X19: -0.37566442 | Y19: 0.60019136 | Z19: -0.25026365 | AA19: =W20-W19 -> 0 | AB19: =X20-X19 -> 0.022550391 | AC19: =Y20-Y19 -> 0 | AD19: =Z20-Z19 -> -0.014400047
B20: 0.0075 | C20: -0.45208609 | D20: -1.0278633 | E20: 0.60019136 | F20: 0.16621227 | G20: =C21-C20 -> 0 | H20: =D21-D20 -> 0.019711572 | I20: =E21-E20 -> 0 | J20: =F21-F20 -> -0.012587257 | L20: 0.0475 | M20: -0.45208609 | N20: -0.70219878 | O20: 0.60019136 | P20: -0.041747967 | Q20: =M21-M20 -> 0 | R20: =N21-N20 -> 0.021106916 | S20: =O21-O20 -> 0 | T20: =P21-P20 -> -0.013478284 | V20: 0.0875 | W20: -0.45208609 | X20: -0.35311403 | Y20: 0.60019136 | Z20: -0.2646637 | AA20: =W21-W20 -> 0 | AB20: =X21-X20 -> 0.022651705 | AC20: =Y21-Y20 -> 0 | AD20: =Z21-Z20 -> -0.014464744
B21: 0.01 | C21: -0.45208609 | D21: -1.0081517 | E21: 0.60019136 | F21: 0.15362501 | G21: =C22-C21 -> 0 | H21: =D22-D21 -> 0.019794761 | I21: =E22-E21 -> 0 | J21: =F22-F21 -> -0.012640379 | L21: 0.05 | M21: -0.45208609 | N21: -0.68109187 | O21: 0.60019136 | P21: -0.055226252 | Q21: =M22-M21 -> 0 | R21: =N22-N21 -> 0.021198882 | S21: =O22-O21 -> 0 | T21: =P22-P21 -> -0.013537012 | V21: 0.09 | W21: -0.45208609 | X21: -0.33046233 | Y21: 0.60019136 | Z21: -0.27912844 | AA21: =W22-W21 -> 0 | AB21: =X22-X21 -> 0.022753685 | AC21: =Y22-Y21 -> 0 | AD21: =Z22-Z21 -> -0.014529865
B22: 0.0125 | C22: -0.45208609 | D22: -0.98835698 | E22: 0.60019136 | F22: 0.14098463 | G22: =C23-C22 -> 0 | H22: =D23-D22 -> 0.019878466 | I22: =E23-E22 -> 0 | J22: =F23-F22 -> -0.012693831 | L22: 0.0525 | M22: -0.45208609 | N22: -0.65989299 | O22: 0.60019136 | P22: -0.068763263 | Q22: =M23-M22 -> 0 | R22: =N23-N22 -> 0.021291436 | S22: =O23-O22 -> 0 | T22: =P23-P22 -> -0.013596114 | V22: 0.0925 | W22: -0.45208609 | X22: -0.30770864 | Y22: 0.60019136 | Z22: -0.29365831 | AA22: =W23-W22 -> 0 | AB22: =X23-X22 -> 0.022856336 | AC22: =Y23-Y22 -> 0 | AD22: =Z23-Z22 -> -0.014595415
B23: 0.015 | C23: -0.45208609 | D23: -0.96847852 | E23: 0.60019136 | F23: 0.1282908 | G23: =C24-C23 -> 0 | H23: =D24-D23 -> 0.019962692 | I23: =E24-E23 -> 0 | J23: =F24-F23 -> -0.012747615 | L23: 0.055 | M23: -0.45208609 | N23: -0.63860155 | O23: 0.60019136 | P23: -0.082359377 | Q23: =M24-M23 -> 0 | R23: =N24-N23 -> 0.021384583 | S23: =O24-O23 -> 0 | T23: =P24-P23 -> -0.013655595 | V23: 0.095 | W23: -0.45208609 | X23: -0.28485231 | Y23: 0.60019136 | Z23: -0.30825372 | AA23: =W24-W23 -> 0 | AB23: =X24-X23 -> 0.022959665 | AC23: =Y24-Y23 -> 0 | AD23: =Z24-Z23 -> -0.014661398
B24: 0.0175 | C24: -0.45208609 | D24: -0.94851582 | E24: 0.60019136 | F24: 0.11554319 | G24: =C25-C24 -> 0 | H24: =D25-D24 -> 0.020047441 | I24: =E25-E24 -> 0 | J24: =F25-F24 -> -0.012801734 | L24: 0.0575 | M24: -0.45208609 | N24: -0.61721697 | O24: 0.60019136 | P24: -0.096014972 | Q24: =M25-M24 -> 0 | R24: =N25-N24 -> 0.021478327 | S24: =O25-O24 -> 0 | T24: =P25-P24 -> -0.013715457 | V24: 0.0975 | W24: -0.45208609 | X24: -0.26189264 | Y24: 0.60019136 | Z24: -0.32291512 | AA24: =W25-W24 -> 0 | AB24: =X25-X24 -> 0.023063677 | AC24: =Y25-Y24 -> 0 | AD24: =Z25-Z24 -> -0.014727817
B25: 0.02 | C25: -0.45208609 | D25: -0.92846838 | E25: 0.60019136 | F25: 0.10274145 | G25: =AVERAGE(G18:G24) -> 0 | H25: =AVERAGE(H18:H24) -> 0.019795793 | I25: =AVERAGE(I18:I24) -> 0 | J25: =AVERAGE(J18:J24) -> -0.012641038 | L25: 0.06 | M25: -0.45208609 | N25: -0.59573864 | O25: 0.60019136 | P25: -0.10973043 | Q25: =AVERAGE(Q18:Q24) -> 0 | R25: =AVERAGE(R18:R24) -> 0.021200057 | S25: =AVERAGE(S18:S24) -> 0 | T25: =AVERAGE(T18:T24) -> -0.013537762 | V25: 0.1 | W25: -0.45208609 | X25: -0.23882896 | Y25: 0.60019136 | Z25: -0.33764294 | AA25: =AVERAGE(AA18:AA24) -> 0 | AB25: =AVERAGE(AB18:AB24) -> 0.022755028 | AC25: =AVERAGE(AC18:AC24) -> 0 | AD25: =AVERAGE(AD18:AD24) -> -0.014530723
A26: uc122 | B26: 0.0025 | C26: -0.43169107 | D26: -1.0894473 | E26: 0.5965506 | F26: 0.20183767 | G26: =C27-C26 -> 0.02050335 | H26: =D27-D26 -> -0.0029589678 | I26: =E27-E26 -> -0.003660101 | J26: =F27-F26 -> -0.0018305611 | K26: uc122 | L26: 0.0425 | M26: -0.090042506 | N26: -1.1387528 | O26: 0.53556211 | P26: 0.17133492 | Q26: =M27-M26 -> 0.022357592 | R26: =N27-N26 -> -0.0032265651 | S26: =O27-O26 -> -0.0039911061 | T26: =P27-P26 -> -0.0019961098 | U26: uc122 | V26: 0.0825 | W26: 0.28313452 | X26: -1.1926083 | Y26: 0.4689454 | Z26: 0.13801727 | AA26: =W27-W26 -> 0.024467514 | AB26: =X27-X26 -> -0.0035310613 | AC26: =Y27-Y26 -> -0.0043677533 | AD26: =Z27-Z26 -> -0.0021844859
B27: 0.005 | C27: -0.41118772 | D27: -1.0924063 | E27: 0.59289049 | F27: 0.20000711 | G27: =C28-C27 -> 0.020612523 | H27: =D28-D27 -> -0.0029747233 | I27: =E28-E27 -> -0.0036795899 | J27: =F28-F27 -> -0.0018403082 | L27: 0.045 | M27: -0.067684915 | N27: -1.1419793 | O27: 0.531571 | P27: 0.16933881 | Q27: =M28-M27 -> 0.022481525 | R27: =N28-N27 -> -0.0032444507 | S27: =O28-O27 -> -0.0040132297 | T27: =P28-P27 -> -0.0020071747 | V27: 0.085 | W27: 0.30760203 | X27: -1.1961394 | Y27: 0.46457765 | Z27: 0.13583279 | AA27: =W28-W27 -> 0.024608908 | AB27: =X28-X27 -> -0.0035514668 | AC27: =Y28-Y27 -> -0.0043929939 | AD27: =Z28-Z27 -> -0.0021971098
B28: 0.0075 | C28: -0.39057519 | D28: -1.095381 | E28: 0.5892109 | F28: 0.1981668 | G28: =C29-C28 -> 0.02072255 | H28: =D29-D28 -> -0.002990602 | I28: =E29-E28 -> -0.0036992311 | J28: =F29-F28 -> -0.0018501316 | L28: 0.0475 | M28: -0.04520339 | N28: -1.1452238 | O28: 0.52755777 | P28: 0.16733164 | Q28: =M29-M28 -> 0.022606464 | R28: =N29-N28 -> -0.0032624815 | S28: =O29-O28 -> -0.004035533 | T28: =P29-P28 -> -0.0020183294 | V28: 0.0875 | W28: 0.33221094 | X28: -1.1996908 | Y28: 0.46018466 | Z28: 0.13363568 | AA28: =W29-W28 -> 0.024751497 | AB28: =X29-X28 -> -0.0035720448 | AC28: =Y29-Y28 -> -0.0044184479 | AD28: =Z29-Z28 -> -0.0022098403
B29: 0.01 | C29: -0.36985264 | D29: -1.0983716 | E29: 0.58551167 | F29: 0.19631667 | G29: =C30-C29 -> 0.020833439 | H29: =D30-D29 -> -0.0030066051 | I29: =E30-E29 -> -0.0037190261 | J29: =F30-F29 -> -0.0018600318 | L29: 0.05 | M29: -0.022596926 | N29: -1.1484863 | O29: 0.52352224 | P29: 0.16531331 | Q29: =M30-M29 -> 0.022732421 | R29: =N30-N29 -> -0.0032806591 | S29: =O30-O29 -> -0.0040580178 | T29: =P30-P29 -> -0.0020295749 | V29: 0.09 | W29: 0.35696244 | X29: -1.2032629 | Y29: 0.45576621 | Z29: 0.13142584 | AA29: =W30-W29 -> 0.024895294 | AB29: =X30-X29 -> -0.003592797 | AC29: =Y30-Y29 -> -0.0044441173 | AD29: =Z30-Z29 -> -0.0022226786
B30: 0.0125 | C30: -0.3490192 | D30: -1.1013782 | E30: 0.58179265 | F30: 0.19445664 | G30: =C31-C30 -> 0.020945199 | H30: =D31-D30 -> -0.0030227338 | I30: =E31-E30 -> -0.0037389766 | J30: =F31-F30 -> -0.0018700099 | L30: 0.0525 | M30: 0.00013549485 | N30: -1.1517669 | O30: 0.51946422 | P30: 0.16328373 | Q30: =M31-M30 -> 0.022859405 | R30: =N31-N30 -> -0.003298985 | S30: =O31-O30 -> -0.004080686 | T30: =P31-P30 -> -0.0020409122 | V30: 0.0925 | W30: 0.38185773 | X30: -1.2068557 | Y30: 0.45132209 | Z30: 0.12920316 | AA30: =W31-W30 -> 0.025040312 | AB30: =X31-X30 -> -0.0036137254 | AC30: =Y31-Y30 -> -0.0044700048 | AD30: =Z31-Z30 -> -0.0022356259
B31: 0.015 | C31: -0.32807401 | D31: -1.104401 | E31: 0.57805367 | F31: 0.19258663 | G31: =C32-C31 -> 0.021057838 | H31: =D32-D31 -> -0.0030389895 | I31: =E32-E31 -> -0.0037590841 | J31: =F32-F31 -> -0.0018800664 | L31: 0.055 | M31: 0.0229949 | N31: -1.1550659 | O31: 0.51538354 | P31: 0.16124282 | Q31: =M32-M31 -> 0.022987428 | R31: =N32-N31 -> -0.0033174608 | S31: =O32-O31 -> -0.0041035398 | T31: =P32-P31 -> -0.0020523423 | V31: 0.095 | W31: 0.40689804 | X31: -1.2104694 | Y31: 0.44685209 | Z31: 0.12696753 | AA31: =W32-W31 -> 0.025186564 | AB31: =X32-X31 -> -0.003634832 | AC31: =Y32-Y31 -> -0.0044961126 | AD31: =Z32-Z31 -> -0.0022486835
B32: 0.0175 | C32: -0.30701617 | D32: -1.1074399 | E32: 0.57429459 | F32: 0.19070656 | G32: =C33-C32 -> 0.021171366 | H32: =D33-D32 -> -0.0030553734 | I32: =E33-E32 -> -0.0037793502 | J32: =F33-F32 -> -0.0018902023 | L32: 0.0575 | M32: 0.045982328 | N32: -1.1583834 | O32: 0.51128 | P32: 0.15919048 | Q32: =M33-M32 -> 0.023116501 | R32: =N33-N32 -> -0.0033360882 | S32: =O33-O32 -> -0.0041265809 | T32: =P33-P32 -> -0.0020638661 | V32: 0.0975 | W32: 0.43208461 | X32: -1.2141042 | Y32: 0.44235597 | Z32: 0.12471885 | AA32: =W33-W32 -> 0.025334064 | AB32: =X33-X32 -> -0.0036561186 | AC32: =Y33-Y32 -> -0.0045224432 | AD32: =Z33-Z32 -> -0.0022618524
B33: 0.02 | C33: -0.2858448 | D33: -1.1104953 | E33: 0.57051524 | F33: 0.18881636 | G33: =AVERAGE(G26:G32) -> 0.020835181 | H33: =AVERAGE(H26:H32) -> -0.0030068564 | I33: =AVERAGE(I26:I32) -> -0.003719337 | J33: =AVERAGE(J26:J32) -> -0.0018601873 | L33: 0.06 | M33: 0.069098829 | N33: -1.1617195 | O33: 0.50715342 | P33: 0.15712661 | Q33: =AVERAGE(Q26:Q32) -> 0.022734476 | R33: =AVERAGE(R26:R32) -> -0.0032809558 | S33: =AVERAGE(S26:S32) -> -0.0040583847 | T33: =AVERAGE(T26:T32) -> -0.0020297585 | V33: 0.1 | W33: 0.45741867 | X33: -1.2177604 | Y33: 0.43783353 | Z33: 0.122457 | AA33: =AVERAGE(AA26:AA32) -> 0.024897736 | AB33: =AVERAGE(AB26:AB32) -> -0.0035931494 | AC33: =AVERAGE(AC26:AC32) -> -0.0044445533 | AD33: =AVERAGE(AD26:AD32) -> -0.0022228966
A34: uc211 | B34: 0.0025 | C34: -0.45208609 | D34: -1.0745339 | E34: 0.58648595 | F34: 0.21106385 | G34: =C35-C34 -> 0 | H34: =D35-D34 -> 0.012029881 | I34: =E35-E34 -> -0.013773837 | J34: =F35-F34 -> 0.0074422683 | K34: uc211 | L34: 0.0425 | M34: -0.45208609 | N34: -0.87458047 | O34: 0.35754557 | P34: 0.33476473 | Q34: =M35-M34 -> 0 | R34: =N35-N34 -> 0.013047687 | S34: =O35-O34 -> -0.014939193 | T34: =P35-P34 -> 0.0080719325 | U34: uc211 | V34: 0.0825 | W34: -0.45208609 | X34: -0.65740303 | Y34: 0.1088842 | Z34: 0.46912125 | AA34: =W35-W34 -> 0 | AB34: =X35-X34 -> 0.014194173 | AC34: =Y35-Y34 -> -0.016251883 | AD34: =Z35-Z34 -> 0.0087812044
B35: 0.005 | C35: -0.45208609 | D35: -1.062504 | E35: 0.57271211 | F35: 0.21850612 | G35: =C36-C35 -> 0 | H35: =D36-D35 -> 0.012090078 | I35: =E36-E35 -> -0.013842761 | J35: =F36-F35 -> 0.0074795093 | L35: 0.045 | M35: -0.45208609 | N35: -0.86153279 | O35: 0.34260638 | P35: 0.34283667 | Q35: =M36-M35 -> 0 | R35: =N36-N35 -> 0.013115369 | S35: =O36-O35 -> -0.015016687 | T35: =P36-P35 -> 0.0081138041 | V35: 0.085 | W35: -0.45208609 | X35: -0.64320885 | Y35: 0.092632316 | Z35: 0.47790245 | AA35: =W36-W35 -> 0 | AB35: =X36-X35 -> 0.014270569 | AC35: =Y36-Y35 -> -0.016339354 | AD35: =Z36-Z35 -> 0.0088284667
B36: 0.0075 | C36: -0.45208609 | D36: -1.0504139 | E36: 0.55886935 | F36: 0.22598563 | G36: =C37-C36 -> 0 | H36: =D37-D36 -> 0.012150712 | I36: =E37-E36 -> -0.013912184 | J36: =F37-F36 -> 0.0075170199 | L36: 0.0475 | M36: -0.45208609 | N36: -0.84841742 | O36: 0.32758969 | P36: 0.35095047 | Q36: =M37-M36 -> 0 | R36: =N37-N36 -> 0.013183558 | S36: =O37-O36 -> -0.015094761 | T36: =P37-P36 -> 0.0081559888 | V36: 0.0875 | W36: -0.45208609 | X36: -0.62893828 | Y36: 0.076292962 | Z36: 0.48673092 | AA36: =W37-W36 -> 0 | AB36: =X37-X36 -> 0.014347556 | AC36: =Y37-Y36 -> -0.016427502 | AD36: =Z37-Z36 -> 0.0088760944
B37: 0.01 | C37: -0.45208609 | D37: -1.0382632 | E37: 0.54495717 | F37: 0.23350265 | G37: =C38-C37 -> 0 | H37: =D38-D37 -> 0.012211785 | I37: =E38-E37 -> -0.013982111 | J37: =F38-F37 -> 0.0075548027 | L37: 0.05 | M37: -0.45208609 | N37: -0.83523386 | O37: 0.31249493 | P37: 0.35910646 | Q37: =M38-M37 -> 0 | R37: =N38-N37 -> 0.013252258 | S37: =O38-O37 -> -0.01517342 | T37: =P38-P37 -> 0.0081984898 | V37: 0.09 | W37: -0.45208609 | X37: -0.61459073 | Y37: 0.05986546 | Z37: 0.49560701 | AA37: =W38-W37 -> 0 | AB37: =X38-X37 -> 0.014425139 | AC37: =Y38-Y37 -> -0.016516332 | AD37: =Z38-Z37 -> 0.0089240912
B38: 0.0125 | C38: -0.45208609 | D38: -1.0260514 | E38: 0.53097506 | F38: 0.24105746 | G38: =C39-C38 -> 0 | H38: =D39-D38 -> 0.012273302 | I38: =E39-E38 -> -0.014052546 | J38: =F39-F38 -> 0.0075928601 | L38: 0.0525 | M38: -0.45208609 | N38: -0.8219816 | O38: 0.29732151 | P38: 0.36730495 | Q38: =M39-M38 -> 0 | R38: =N39-N38 -> 0.013321473 | S38: =O39-O38 -> -0.01525267 | T38: =P39-P38 -> 0.00824131 | V38: 0.0925 | W38: -0.45208609 | X38: -0.60016559 | Y38: 0.043349127 | Z38: 0.5045311 | AA38: =W39-W38 -> 0 | AB38: =X39-X38 -> 0.014503325 | AC38: =Y39-Y38 -> -0.016605853 | AD38: =Z39-Z38 -> 0.0089724608
B39: 0.015 | C39: -0.45208609 | D39: -1.0137781 | E39: 0.51692251 | F39: 0.24865032 | G39: =C40-C39 -> 0 | H39: =D40-D39 -> 0.012335267 | I39: =E40-E39 -> -0.014123494 | J39: =F40-F39 -> 0.0076311947 | L39: 0.055 | M39: -0.45208609 | N39: -0.80866013 | O39: 0.28206884 | P39: 0.37554626 | Q39: =M40-M39 -> 0 | R39: =N40-N39 -> 0.01339121 | S39: =O40-O39 -> -0.015332516 | T39: =P40-P39 -> 0.0082844525 | V39: 0.095 | W39: -0.45208609 | X39: -0.58566226 | Y39: 0.026743275 | Z39: 0.51350356 | AA39: =W40-W39 -> 0 | AB39: =X40-X39 -> 0.014582119 | AC39: =Y40-Y39 -> -0.016696069 | AD39: =Z40-Z39 -> 0.0090212067
B40: 0.0175 | C40: -0.45208609 | D40: -1.0014429 | E40: 0.50279902 | F40: 0.25628151 | G40: =C41-C40 -> 0 | H40: =D41-D40 -> 0.012397684 | I40: =E41-E40 -> -0.01419496 | J40: =F41-F40 -> 0.0076698091 | L40: 0.0575 | M40: -0.45208609 | N40: -0.79526892 | O40: 0.26673633 | P40: 0.38383071 | Q40: =M41-M40 -> 0 | R40: =N41-N40 -> 0.013461473 | S40: =O41-O40 -> -0.015412965 | T40: =P41-P40 -> 0.0083279205 | V40: 0.0975 | W40: -0.45208609 | X40: -0.57108014 | Y40: 0.010047205 | Z40: 0.52252477 | AA40: =W41-W40 -> 0 | AB40: =X41-X40 -> 0.014661528 | AC40: =Y41-Y40 -> -0.01678699 | AD40: =Z41-Z40 -> 0.0090703327
B41: 0.02 | C41: -0.45208609 | D41: -0.98904517 | E41: 0.48860406 | F41: 0.26395132 | G41: =AVERAGE(G34:G40) -> 0 | H41: =AVERAGE(H34:H40) -> 0.012212673 | I41: =AVERAGE(I34:I40) -> -0.013983127 | J41: =AVERAGE(J34:J40) -> 0.007555352 | L41: 0.06 | M41: -0.45208609 | N41: -0.78180744 | O41: 0.25132336 | P41: 0.39215863 | Q41: =AVERAGE(Q34:Q40) -> 0 | R41: =AVERAGE(R34:R40) -> 0.01325329 | S41: =AVERAGE(S34:S40) -> -0.015174601 | T41: =AVERAGE(T34:T40) -> 0.0081991283 | V41: 0.1 | W41: -0.45208609 | X41: -0.55641862 | Y41: -0.0067397844 | Z41: 0.5315951 | AA41: =AVERAGE(AA34:AA40) -> 0 | AB41: =AVERAGE(AB34:AB40) -> 0.014426344 | AC41: =AVERAGE(AC34:AC40) -> -0.016517712 | AD41: =AVERAGE(AD34:AD40) -> 0.0089248367
A42: uc222 | B42: 0.0025 | C42: -0.45208609 | D42: -1.0790036 | E42: 0.60019136 | F42: 0.19886903 | G42: =C43-C42 -> 0 | H42: =D43-D42 -> 0.0075368123 | I42: =E43-E42 -> 0 | J42: =F43-F42 -> -0.004812797 | K42: uc222 | L42: 0.0425 | M42: -0.45208609 | N42: -0.953857 | O42: 0.60019136 | P42: 0.11895391 | Q42: =M43-M42 -> 0 | R42: =N43-N42 -> 0.0081574696 | S42: =O43-O42 -> 0 | T42: =P43-P42 -> -0.0052091313 | U42: uc222 | V42: 0.0825 | W42: -0.45208609 | X42: -0.81820085 | Y42: 0.60019136 | Z42: 0.032327698 | AA42: =W43-W42 -> 0 | AB42: =X43-X42 -> 0.0088575764 | AC42: =Y43-Y42 -> 0 | AD42: =Z43-Z42 -> -0.0056561999
B43: 0.005 | C43: -0.45208609 | D43: -1.0714668 | E43: 0.60019136 | F43: 0.19405623 | G43: =C44-C43 -> 0 | H43: =D44-D43 -> 0.0075735049 | I43: =E44-E43 -> 0 | J43: =F44-F43 -> -0.0048362279 | L43: 0.045 | M43: -0.45208609 | N43: -0.94569953 | O43: 0.60019136 | P43: 0.11374478 | Q43: =M44-M43 -> 0 | R43: =N44-N43 -> 0.0081987667 | S43: =O44-O43 -> 0 | T43: =P44-P43 -> -0.0052355025 | V43: 0.085 | W43: -0.45208609 | X43: -0.80934327 | Y43: 0.60019136 | Z43: 0.026671498 | AA43: =W44-W43 -> 0 | AB43: =X44-X43 -> 0.0089042765 | AC43: =Y44-Y43 -> 0 | AD43: =Z44-Z43 -> -0.0056860212
B44: 0.0075 | C44: -0.45208609 | D44: -1.0638933 | E44: 0.60019136 | F44: 0.18922 | G44: =C45-C44 -> 0 | H44: =D45-D44 -> 0.0076104648 | I44: =E45-E44 -> 0 | J44: =F45-F44 -> -0.0048598294 | L44: 0.0475 | M44: -0.45208609 | N44: -0.93750076 | O44: 0.60019136 | P44: 0.10850928 | Q44: =M45-M44 -> 0 | R44: =N45-N44 -> 0.0082403765 | S44: =O45-O44 -> 0 | T44: =P45-P44 -> -0.0052620733 | V44: 0.0875 | W44: -0.45208609 | X44: -0.80043899 | Y44: 0.60019136 | Z44: 0.020985477 | AA44: =W45-W44 -> 0 | AB44: =X45-X44 -> 0.0089513446 | AC44: =Y45-Y44 -> 0 | AD44: =Z45-Z44 -> -0.0057160776
B45: 0.01 | C45: -0.45208609 | D45: -1.0562828 | E45: 0.60019136 | F45: 0.18436017 | G45: =C46-C45 -> 0 | H45: =D46-D45 -> 0.0076476945 | I45: =E46-E45 -> 0 | J45: =F46-F45 -> -0.0048836032 | L45: 0.05 | M45: -0.45208609 | N45: -0.92926038 | O45: 0.60019136 | P45: 0.1032472 | Q45: =M46-M45 -> 0 | R45: =N46-N45 -> 0.008282302 | S45: =O46-O45 -> 0 | T45: =P46-P45 -> -0.0052888458 | V45: 0.09 | W45: -0.45208609 | X45: -0.79148765 | Y45: 0.60019136 | Z45: 0.015269399 | AA45: =W46-W45 -> 0 | AB45: =X46-X45 -> 0.0089987846 | AC45: =Y46-Y45 -> 0 | AD45: =Z46-Z45 -> -0.0057463715
B46: 0.0125 | C46: -0.45208609 | D46: -1.0486351 | E46: 0.60019136 | F46: 0.17947657 | G46: =C47-C46 -> 0 | H46: =D47-D46 -> 0.0076851966 | I46: =E47-E46 -> 0 | J46: =F47-F46 -> -0.004907551 | L46: 0.0525 | M46: -0.45208609 | N46: -0.92097808 | O46: 0.60019136 | P46: 0.097958357 | Q46: =M47-M46 -> 0 | R46: =N47-N46 -> 0.0083245466 | S46: =O47-O46 -> 0 | T46: =P47-P46 -> -0.005315822 | V46: 0.0925 | W46: -0.45208609 | X46: -0.78248887 | Y46: 0.60019136 | Z46: 0.0095230275 | AA46: =W47-W46 -> 0 | AB46: =X47-X46 -> 0.0090466004 | AC46: =Y47-Y46 -> 0 | AD46: =Z47-Z46 -> -0.0057769053
B47: 0.015 | C47: -0.45208609 | D47: -1.0409499 | E47: 0.60019136 | F47: 0.17456902 | G47: =C48-C47 -> 0 | H47: =D48-D47 -> 0.0077229738 | I47: =E48-E47 -> 0 | J47: =F48-F47 -> -0.0049316745 | L47: 0.055 | M47: -0.45208609 | N47: -0.91265354 | O47: 0.60019136 | P47: 0.092642535 | Q47: =M48-M47 -> 0 | R47: =N48-N47 -> 0.0083671133 | S47: =O48-O47 -> 0 | T47: =P48-P47 -> -0.0053430039 | V47: 0.095 | W47: -0.45208609 | X47: -0.77344226 | Y47: 0.60019136 | Z47: 0.0037461222 | AA47: =W48-W47 -> 0 | AB47: =X48-X47 -> 0.009094796 | AC47: =Y48-Y47 -> 0 | AD47: =Z48-Z47 -> -0.0058076816
B48: 0.0175 | C48: -0.45208609 | D48: -1.033227 | E48: 0.60019136 | F48: 0.16963734 | G48: =C49-C48 -> 0 | H48: =D49-D48 -> 0.0077610287 | I48: =E49-E48 -> 0 | J48: =F49-F48 -> -0.0049559753 | L48: 0.0575 | M48: -0.45208609 | N48: -0.90428642 | O48: 0.60019136 | P48: 0.087299531 | Q48: =M49-M48 -> 0 | R48: =N49-N48 -> 0.0084100055 | S48: =O49-O48 -> 0 | T48: =P49-P48 -> -0.0053703936 | V48: 0.0975 | W48: -0.45208609 | X48: -0.76434747 | Y48: 0.60019136 | Z48: -0.0020615594 | AA48: =W49-W48 -> 0 | AB48: =X49-X48 -> 0.0091433753 | AC48: =Y49-Y48 -> 0 | AD48: =Z49-Z48 -> -0.0058387031
B49: 0.02 | C49: -0.45208609 | D49: -1.0254659 | E49: 0.60019136 | F49: 0.16468137 | G49: =AVERAGE(G42:G48) -> 0 | H49: =AVERAGE(H42:H48) -> 0.0076482394 | I49: =AVERAGE(I42:I48) -> 0 | J49: =AVERAGE(J42:J48) -> -0.0048839512 | L49: 0.06 | M49: -0.45208609 | N49: -0.89587642 | O49: 0.60019136 | P49: 0.081929138 | Q49: =AVERAGE(Q42:Q48) -> 0 | R49: =AVERAGE(R42:R48) -> 0.00828294 | S49: =AVERAGE(S42:S48) -> 0 | T49: =AVERAGE(T42:T48) -> -0.0052892532 | V49: 0.1 | W49: -0.45208609 | X49: -0.75520409 | Y49: 0.60019136 | Z49: -0.0079002625 | AA49: =AVERAGE(AA42:AA48) -> 0 | AB49: =AVERAGE(AB42:AB48) -> 0.0089995362 | AC49: =AVERAGE(AC42:AC48) -> 0 | AD49: =AVERAGE(AD42:AD48) -> -0.0057468515
A50: 0.02 | K50: 0.06 | U50: 0.1
A51: uh122 | B51: =B2+0.02 -> 0.0225 | C51: 0.21638339 | D51: -1.182975 | E51: 0.4808613 | F51: 0.14397689 | G51: =C52-C51 -> 0.075659748 | H51: =D52-D51 -> -0.010918936 | I51: =E52-E51 -> -0.013506199 | J51: =F52-F51 -> -0.0067549837 | K51: uh122 | L51: 0.0625 | M51: 1.4615672 | N51: -1.3626754 | O51: 0.25858063 | P51: 0.032805543 | Q51: =M52-M51 -> 0.080341372 | R51: =N52-N51 -> -0.01159457 | S51: =O52-O51 -> -0.014341927 | T51: =P52-P51 -> -0.007172964 | U51: uh122 | V51: 0.1025 | W51: 2.7844628 | X51: -1.5535908 | Y51: 0.02242742 | Z51: -0.085304003 | AA51: =W52-W51 -> 0.085402296 | AB51: =X52-X51 -> -0.012324944 | AC51: =Y52-Y51 -> -0.015245364 | AD51: =Z52-Z51 -> -0.0076248088
B52: =B3+0.02 -> 0.025 | C52: 0.29204314 | D52: -1.193894 | E52: 0.4673551 | F52: 0.1372219 | G52: =C53-C52 -> 0.075941788 | H52: =D53-D52 -> -0.010959639 | I52: =E53-E52 -> -0.013556547 | J52: =F53-F52 -> -0.0067801645 | L52: 0.065 | M52: 1.5419085 | N52: -1.3742699 | O52: 0.2442387 | P52: 0.025632579 | Q52: =M53-M52 -> 0.080646263 | R52: =N53-N52 -> -0.011638571 | S52: =O53-O52 -> -0.014396354 | T52: =P53-P52 -> -0.0072001851 | V52: 0.105 | W52: 2.8698651 | X52: -1.5659157 | Y52: 0.0071820555 | Z52: -0.092928812 | AA52: =W53-W52 -> 0.085731868 | AB52: =X53-X52 -> -0.012372507 | AC52: =Y53-Y52 -> -0.015304197 | AD52: =Z53-Z52 -> -0.0076542333
B53: =B4+0.02 -> 0.0275 | C53: 0.36798493 | D53: -1.2048536 | E53: 0.45379856 | F53: 0.13044174 | G53: =C54-C53 -> 0.076225204 | H53: =D54-D53 -> -0.01100054 | I53: =E54-E53 -> -0.01360714 | J53: =F54-F53 -> -0.0068054681 | L53: 0.0675 | M53: 1.6225548 | N53: -1.3859085 | O53: 0.22984235 | P53: 0.018432393 | Q53: =M54-M53 -> 0.080952644 | R53: =N54-N53 -> -0.011682787 | S53: =O54-O53 -> -0.014451046 | T53: =P54-P53 -> -0.007227539 | V53: 0.1075 | W53: 2.955597 | X53: -1.5782882 | Y53: -0.0081221414 | Z53: -0.10058305 | AA53: =W54-W53 -> 0.086063043 | AB53: =X54-X53 -> -0.012420301 | AC53: =Y54-Y53 -> -0.015363316 | AD53: =Z54-Z53 -> -0.007683801
B54: =B5+0.02 -> 0.03 | C54: 0.44421013 | D54: -1.2158542 | E54: 0.44019142 | F54: 0.12363627 | G54: =C55-C54 -> 0.076510001 | H54: =D55-D54 -> -0.011041641 | I54: =E55-E54 -> -0.01365798 | J54: =F55-F54 -> -0.0068308951 | L54: 0.07 | M54: 1.7035074 | N54: -1.3975913 | O54: 0.2153913 | P54: 0.011204854 | Q54: =M55-M54 -> 0.08126052 | R54: =N55-N54 -> -0.011727218 | S54: =O55-O54 -> -0.014506006 | T54: =P55-P54 -> -0.0072550266 | V54: 0.11 | W54: 3.04166 | X54: -1.5907085 | Y54: -0.023485457 | Z54: -0.10826685 | AA54: =W55-W54 -> 0.086395829 | AB54: =X55-X54 -> -0.012468327 | AC54: =Y55-Y54 -> -0.015422722 | AD54: =Z55-Z54 -> -0.0077135124
B55: =B6+0.02 -> 0.0325 | C55: 0.52072013 | D55: -1.2268958 | E55: 0.42653344 | F55: 0.11680538 | G55: =C56-C55 -> 0.076796188 | H55: =D56-D55 -> -0.011082943 | I55: =E56-E55 -> -0.013709068 | J55: =F56-F55 -> -0.0068564462 | L55: 0.0725 | M55: 1.784768 | N55: -1.4093185 | O55: 0.20088529 | P55: 0.0039498278 | Q55: =M56-M55 -> 0.081569899 | R55: =N56-N55 -> -0.011771867 | S55: =O56-O55 -> -0.014561234 | T55: =P56-P55 -> -0.0072826483 | V55: 0.1125 | W55: 3.1280558 | X55: -1.6031769 | Y55: -0.038908179 | Z55: -0.11598036 | AA55: =W56-W55 -> 0.086730233 | AB55: =X56-X55 -> -0.012516587 | AC55: =Y56-Y55 -> -0.015482417 | AD55: =Z56-Z55 -> -0.0077433684
B56: =B7+0.02 -> 0.035 | C56: 0.59751632 | D56: -1.2379787 | E56: 0.41282437 | F56: 0.10994893 | G56: =C57-C56 -> 0.077083772 | H56: =D57-D56 -> -0.011124446 | I56: =E57-E56 -> -0.013760405 | J56: =F57-F56 -> -0.006882122 | L56: 0.075 | M56: 1.8663379 | N56: -1.4210904 | O56: 0.18632406 | P56: -0.0033328204 | Q56: =M57-M56 -> 0.081880789 | R56: =N57-N56 -> -0.011816733 | S56: =O57-O56 -> -0.014616732 | T56: =P57-P56 -> -0.0073104048 | V56: 0.115 | W56: 3.2147861 | X56: -1.6156935 | Y56: -0.054390597 | Z56: -0.12372373 | AA56: =W57-W56 -> 0.087066261 | AB56: =X57-X56 -> -0.012565082 | AC56: =Y57-Y56 -> -0.015542403 | AD56: =Z57-Z56 -> -0.0077733694
B57: =B8+0.02 -> 0.0375 | C57: 0.67460009 | D57: -1.2491032 | E57: 0.39906396 | F57: 0.10306681 | G57: =C58-C57 -> 0.077372759 | H57: =D58-D57 -> -0.011166151 | I57: =E58-E57 -> -0.013811993 | J57: =F58-F57 -> -0.0069079231 | L57: 0.0775 | M57: 1.9482186 | N57: -1.4329071 | O57: 0.17170733 | P57: -0.010643225 | Q57: =M58-M57 -> 0.082193195 | R57: =N58-N57 -> -0.011861819 | S57: =O58-O57 -> -0.0146725 | T57: =P58-P57 -> -0.0073382968 | V57: 0.1175 | W57: 3.3018523 | X57: -1.6282585 | Y57: -0.069932999 | Z57: -0.1314971 | AA57: =W58-W57 -> 0.087403922 | AB57: =X58-X57 -> -0.012613812 | AC57: =Y58-Y57 -> -0.015602679 | AD57: =Z58-Z57 -> -0.0078035161
B58: =B9+0.02 -> 0.04 | C58: 0.75197285 | D58: -1.2602693 | E58: 0.38525197 | F58: 0.096158885 | G58: =AVERAGE(G51:G57) -> 0.07651278 | H58: =AVERAGE(H51:H57) -> -0.011042042 | I58: =AVERAGE(I51:I57) -> -0.013658476 | J58: =AVERAGE(J51:J57) -> -0.0068311432 | L58: 0.08 | M58: 2.0304118 | N58: -1.4447689 | O58: 0.15703483 | P58: -0.017981522 | Q58: =AVERAGE(Q51:Q57) -> 0.081263526 | R58: =AVERAGE(R51:R57) -> -0.011727652 | S58: =AVERAGE(S51:S57) -> -0.014506543 | T58: =AVERAGE(T51:T57) -> -0.0072552949 | V58: 0.12 | W58: 3.3892563 | X58: -1.6408723 | Y58: -0.085535678 | Z58: -0.13930061 | AA58: =AVERAGE(AA51:AA57) -> 0.086399065 | AB58: =AVERAGE(AB51:AB57) -> -0.012468794 | AC58: =AVERAGE(AC51:AC57) -> -0.0154233 | AD58: =AVERAGE(AD51:AD57) -> -0.0077138013
A59: uh211 | B59: =B10+0.02 -> 0.0225 | C59: -0.45208609 | D59: -0.90011103 | E59: 0.38677726 | F59: 0.31897029 | G59: =C60-C59 -> 0 | H59: =D60-D59 -> 0.021161301 | I59: =E60-E59 -> -0.024229027 | J59: =F60-F59 -> 0.013091408 | K59: uh211 | L59: 0.0625 | M59: -0.45208609 | N59: -0.55014792 | O59: -0.013919539 | P59: 0.53547446 | Q59: =M60-M59 -> 0 | R59: =N60-N59 -> 0.022705494 | S59: =O60-O59 -> -0.025997079 | T59: =P60-P59 -> 0.014046721 | U59: uh211 | V59: 0.1025 | W59: -0.45208609 | X59: -0.17430969 | Y59: -0.44424252 | Z59: 0.76798623 | AA59: =W60-W59 -> 0 | AB59: =X60-X59 -> 0.024408675 | AC59: =Y60-Y59 -> -0.027947168 | AD59: =Z60-Z59 -> 0.015100391
B60: =B11+0.02 -> 0.025 | C60: -0.45208609 | D60: -0.87894973 | E60: 0.36254824 | F60: 0.3320617 | G60: =C61-C60 -> 0 | H60: =D61-D60 -> 0.021253494 | I60: =E61-E60 -> -0.024334584 | J60: =F61-F60 -> 0.013148443 | L60: 0.065 | M60: -0.45208609 | N60: -0.52744242 | O60: -0.039916618 | P60: 0.54952118 | Q60: =M61-M60 -> 0 | R60: =N61-N60 -> 0.022807094 | S60: =O61-O60 -> -0.026113408 | T60: =P61-P60 -> 0.014109575 | V60: 0.105 | W60: -0.45208609 | X60: -0.14990102 | Y60: -0.47218969 | Z60: 0.78308662 | AA60: =W61-W60 -> 0 | AB60: =X61-X60 -> 0.024520836 | AC60: =Y61-Y60 -> -0.028075588 | AD60: =Z61-Z60 -> 0.015169779
B61: =B12+0.02 -> 0.0275 | C61: -0.45208609 | D61: -0.85769624 | E61: 0.33821365 | F61: 0.34521014 | G61: =C62-C61 -> 0 | H61: =D62-D61 -> 0.021346243 | I61: =E62-E61 -> -0.024440779 | J61: =F62-F61 -> 0.013205822 | L61: 0.0675 | M61: -0.45208609 | N61: -0.50463533 | O61: -0.066030026 | P61: 0.56363076 | Q61: =M62-M61 -> 0 | R61: =N62-N61 -> 0.022909319 | S61: =O62-O61 -> -0.026230452 | T61: =P62-P61 -> 0.014172817 | V61: 0.1075 | W61: -0.45208609 | X61: -0.12538018 | Y61: -0.50026528 | Z61: 0.7982564 | AA61: =W62-W61 -> 0 | AB61: =X62-X61 -> 0.024633697 | AC61: =Y62-Y61 -> -0.028204811 | AD61: =Z62-Z61 -> 0.015239601
B62: =B13+0.02 -> 0.03 | C62: -0.45208609 | D62: -0.83635 | E62: 0.31377287 | F62: 0.35841596 | G62: =C63-C62 -> 0 | H62: =D63-D62 -> 0.021439552 | I62: =E63-E62 -> -0.024547616 | J62: =F63-F62 -> 0.013263548 | L62: 0.07 | M62: -0.45208609 | N62: -0.48172601 | O62: -0.092260478 | P62: 0.57780357 | Q62: =M63-M62 -> 0 | R62: =N63-N62 -> 0.023012173 | S62: =O63-O62 -> -0.026348217 | T62: =P63-P62 -> 0.014236447 | V62: 0.11 | W62: -0.45208609 | X62: -0.10074649 | Y62: -0.52847009 | Z62: 0.813496 | AA62: =W63-W62 -> 0 | AB62: =X63-X62 -> 0.024747265 | AC62: =Y63-Y62 -> -0.028334843 | AD62: =Z63-Z62 -> 0.015309859
B63: =B14+0.02 -> 0.0325 | C63: -0.45208609 | D63: -0.81491044 | E63: 0.28922526 | F63: 0.37167951 | G63: =C64-C63 -> 0 | H63: =D64-D63 -> 0.021533427 | I63: =E64-E63 -> -0.024655099 | J63: =F64-F63 -> 0.013321623 | L63: 0.0725 | M63: -0.45208609 | N63: -0.45871384 | O63: -0.1186087 | P63: 0.59204002 | Q63: =M64-M63 -> 0 | R63: =N64-N63 -> 0.023115662 | S63: =O64-O63 -> -0.026466708 | T63: =P64-P63 -> 0.01430047 | V63: 0.1125 | W63: -0.45208609 | X63: -0.075999222 | Y63: -0.55680494 | Z63: 0.82880586 | AA63: =W64-W63 -> 0 | AB63: =X64-X63 -> 0.024861544 | AC63: =Y64-Y63 -> -0.028465689 | AD63: =Z64-Z63 -> 0.015380558
B64: =B15+0.02 -> 0.035 | C64: -0.45208609 | D64: -0.79337702 | E64: 0.26457016 | F64: 0.38500113 | G64: =C65-C64 -> 0 | H64: =D65-D64 -> 0.02162787 | I64: =E65-E64 -> -0.024763234 | J64: =F65-F64 -> 0.01338005 | L64: 0.075 | M64: -0.45208609 | N64: -0.43559817 | O64: -0.1450754 | P64: 0.60634049 | Q64: =M65-M64 -> 0 | R64: =N65-N64 -> 0.023219788 | S64: =O65-O64 -> -0.02658593 | T64: =P65-P64 -> 0.014364888 | V64: 0.115 | W64: -0.45208609 | X64: -0.051137678 | Y64: -0.58527062 | Z64: 0.84418642 | AA64: =W65-W64 -> 0 | AB64: =X65-X64 -> 0.02497654 | AC64: =Y65-Y64 -> -0.028597356 | AD64: =Z65-Z64 -> 0.0154517
B65: =B16+0.02 -> 0.0375 | C65: -0.45208609 | D65: -0.77174915 | E65: 0.23980693 | F65: 0.39838118 | G65: =C66-C65 -> 0 | H65: =D66-D65 -> 0.021722887 | I65: =E66-E65 -> -0.024872025 | J65: =F66-F65 -> 0.013438832 | L65: 0.0775 | M65: -0.45208609 | N65: -0.41237839 | O65: -0.17166133 | P65: 0.62070538 | Q65: =M66-M65 -> 0 | R65: =N66-N65 -> 0.023324558 | S65: =O66-O65 -> -0.026705888 | T65: =P66-P65 -> 0.014429704 | V65: 0.1175 | W65: -0.45208609 | X65: -0.026161137 | Y65: -0.61386798 | Z65: 0.85963812 | AA65: =W66-W65 -> 0 | AB65: =X66-X65 -> 0.025092258 | AC65: =Y66-Y65 -> -0.02872985 | AD65: =Z66-Z65 -> 0.015523289
B66: =B17+0.02 -> 0.04 | C66: -0.45208609 | D66: -0.75002626 | E66: 0.2149349 | F66: 0.41182002 | G66: =AVERAGE(G59:G65) -> 0 | H66: =AVERAGE(H59:H65) -> 0.021440682 | I66: =AVERAGE(I59:I65) -> -0.024548909 | J66: =AVERAGE(J59:J65) -> 0.013264247 | L66: 0.08 | M66: -0.45208609 | N66: -0.38905383 | O66: -0.19836722 | P66: 0.63513508 | Q66: =AVERAGE(Q59:Q65) -> 0 | R66: =AVERAGE(R59:R65) -> 0.023013441 | S66: =AVERAGE(S59:S65) -> -0.026349669 | T66: =AVERAGE(T59:T65) -> 0.014237232 | V66: 0.12 | W66: -0.45208609 | X66: -0.0010688787 | Y66: -0.64259783 | Z66: 0.8751614 | AA66: =AVERAGE(AA59:AA65) -> 0 | AB66: =AVERAGE(AB59:AB65) -> 0.024748688 | AC66: =AVERAGE(AC59:AC65) -> -0.028336472 | AD66: =AVERAGE(AD59:AD65) -> 0.01531074
A67: uh222 | B67: =B18+0.02 -> 0.0225 | C67: -0.45208609 | D67: -0.90833566 | E67: 0.60019136 | F67: 0.089885263 | G67: =C68-C67 -> 0 | H67: =D68-D67 -> 0.02021853 | I67: =E68-E67 -> 0 | J67: =F68-F67 -> -0.012910986 | K67: uh222 | L67: 0.0625 | M67: -0.45208609 | N67: -0.57416597 | O67: 0.60019136 | P67: -0.12350613 | Q67: =M68-M67 -> 0 | R67: =N68-N67 -> 0.021667627 | S67: =O68-O67 -> 0 | T67: =P68-P67 -> -0.013836339 | U67: uh222 | V67: 0.1025 | W67: -0.45208609 | X67: -0.21566059 | Y67: 0.60019136 | Z67: -0.35243761 | AA67: =W68-W67 -> 0 | AB67: =X68-X67 -> 0.023273772 | AC67: =Y68-Y67 -> 0 | AD67: =Z68-Z67 -> -0.014861978
B68: =B19+0.02 -> 0.025 | C68: -0.45208609 | D68: -0.88811713 | E68: 0.60019136 | F68: 0.076974277 | G68: =C69-C68 -> 0 | H68: =D69-D68 -> 0.020304878 | I68: =E69-E68 -> 0 | J68: =F69-F68 -> -0.012966126 | L68: 0.065 | M68: -0.45208609 | N68: -0.55249834 | O68: 0.60019136 | P68: -0.13734247 | Q68: =M69-M68 -> 0 | R68: =N69-N68 -> 0.021763193 | S68: =O69-O68 -> 0 | T68: =P69-P68 -> -0.013897364 | V68: 0.105 | W68: -0.45208609 | X68: -0.19238681 | Y68: 0.60019136 | Z68: -0.36729959 | AA68: =W69-W68 -> 0 | AB68: =X69-X68 -> 0.023379868 | AC68: =Y69-Y68 -> 0 | AD68: =Z69-Z68 -> -0.014929728
B69: =B20+0.02 -> 0.0275 | C69: -0.45208609 | D69: -0.86781225 | E69: 0.60019136 | F69: 0.064008151 | G69: =C70-C69 -> 0 | H69: =D70-D69 -> 0.020391768 | I69: =E70-E69 -> 0 | J69: =F70-F69 -> -0.013021611 | L69: 0.0675 | M69: -0.45208609 | N69: -0.53073515 | O69: 0.60019136 | P69: -0.15123984 | Q69: =M70-M69 -> 0 | R69: =N70-N69 -> 0.021859376 | S69: =O70-O69 -> 0 | T69: =P70-P69 -> -0.013958785 | V69: 0.1075 | W69: -0.45208609 | X69: -0.16900695 | Y69: 0.60019136 | Z69: -0.38222932 | AA69: =W70-W69 -> 0 | AB69: =X70-X69 -> 0.023486671 | AC69: =Y70-Y69 -> 0 | AD69: =Z70-Z69 -> -0.01499793
B70: =B21+0.02 -> 0.03 | C70: -0.45208609 | D70: -0.84742049 | E70: 0.60019136 | F70: 0.05098654 | G70: =C71-C70 -> 0 | H70: =D71-D70 -> 0.020479203 | I70: =E71-E70 -> 0 | J70: =F71-F70 -> -0.013077445 | L70: 0.07 | M70: -0.45208609 | N70: -0.50887577 | O70: 0.60019136 | P70: -0.16519862 | Q70: =M71-M70 -> 0 | R70: =N71-N70 -> 0.021956182 | S70: =O71-O70 -> 0 | T70: =P71-P70 -> -0.014020602 | V70: 0.11 | W70: -0.45208609 | X70: -0.14552028 | Y70: 0.60019136 | Z70: -0.39722725 | AA70: =W71-W70 -> 0 | AB70: =X71-X70 -> 0.023594187 | AC70: =Y71-Y70 -> 0 | AD70: =Z71-Z70 -> -0.015066586
B71: =B22+0.02 -> 0.0325 | C71: -0.45208609 | D71: -0.82694128 | E71: 0.60019136 | F71: 0.037909095 | G71: =C72-C71 -> 0 | H71: =D72-D71 -> 0.020567189 | I71: =E72-E71 -> 0 | J71: =F72-F71 -> -0.01313363 | L71: 0.0725 | M71: -0.45208609 | N71: -0.48691959 | O71: 0.60019136 | P71: -0.17921922 | Q71: =M72-M71 -> 0 | R71: =N72-N71 -> 0.022053616 | S71: =O72-O71 -> 0 | T71: =P72-P71 -> -0.014082821 | V71: 0.1125 | W71: -0.45208609 | X71: -0.12192609 | Y71: 0.60019136 | Z71: -0.41229384 | AA71: =W72-W71 -> 0 | AB71: =X72-X71 -> 0.023702421 | AC71: =Y72-Y71 -> 0 | AD71: =Z72-Z71 -> -0.015135701
B72: =B23+0.02 -> 0.035 | C72: -0.45208609 | D72: -0.80637409 | E72: 0.60019136 | F72: 0.024775465 | G72: =C73-C72 -> 0 | H72: =D73-D72 -> 0.02065573 | I72: =E73-E72 -> 0 | J72: =F73-F72 -> -0.01319017 | L72: 0.075 | M72: -0.45208609 | N72: -0.46486597 | O72: 0.60019136 | P72: -0.19330204 | Q72: =M73-M72 -> 0 | R72: =N73-N72 -> 0.022151684 | S72: =O73-O72 -> 0 | T72: =P73-P72 -> -0.014145444 | V72: 0.115 | W72: -0.45208609 | X72: -0.098223667 | Y72: 0.60019136 | Z72: -0.42742954 | AA72: =W73-W72 -> 0 | AB72: =X73-X72 -> 0.023811381 | AC72: =Y73-Y72 -> 0 | AD72: =Z73-Z72 -> -0.01520528
B73: =B24+0.02 -> 0.0375 | C73: -0.45208609 | D73: -0.78571836 | E73: 0.60019136 | F73: 0.011585295 | G73: =C74-C73 -> 0 | H73: =D74-D73 -> 0.02074483 | I73: =E74-E73 -> 0 | J73: =F74-F73 -> -0.013247066 | L73: 0.0775 | M73: -0.45208609 | N73: -0.44271429 | O73: 0.60019136 | P73: -0.20744749 | Q73: =M74-M73 -> 0 | R73: =N74-N73 -> 0.022250389 | S73: =O74-O73 -> 0 | T73: =P74-P73 -> -0.014208475 | V73: 0.1175 | W73: -0.45208609 | X73: -0.074412287 | Y73: 0.60019136 | Z73: -0.44263482 | AA73: =W74-W73 -> 0 | AB73: =X74-X73 -> 0.023921072 | AC73: =Y74-Y73 -> 0 | AD73: =Z74-Z73 -> -0.015275325
B74: =B25+0.02 -> 0.04 | C74: -0.45208609 | D74: -0.76497353 | E74: 0.60019136 | F74: -0.0016617714 | G74: =AVERAGE(G67:G73) -> 0 | H74: =AVERAGE(H67:H73) -> 0.020480304 | I74: =AVERAGE(I67:I73) -> 0 | J74: =AVERAGE(J67:J73) -> -0.013078148 | L74: 0.08 | M74: -0.45208609 | N74: -0.4204639 | O74: 0.60019136 | P74: -0.22165596 | Q74: =AVERAGE(Q67:Q73) -> 0 | R74: =AVERAGE(R67:R73) -> 0.021957438 | S74: =AVERAGE(S67:S73) -> 0 | T74: =AVERAGE(T67:T73) -> -0.014021404 | V74: 0.12 | W74: -0.45208609 | X74: -0.050491215 | Y74: 0.60019136 | Z74: -0.45791014 | AA74: =AVERAGE(AA67:AA73) -> 0 | AB74: =AVERAGE(AB67:AB73) -> 0.023595625 | AC74: =AVERAGE(AC67:AC73) -> 0 | AD74: =AVERAGE(AD67:AD73) -> -0.015067504
A75: uc122 | B75: =B26+0.02 -> 0.0225 | C75: -0.26455901 | D75: -1.1135672 | E75: 0.56671546 | F75: 0.18691594 | G75: =C76-C75 -> 0.021401124 | H75: =D76-D75 -> -0.0030885313 | I75: =E76-E75 -> -0.0038203649 | J75: =F76-F75 -> -0.0019107154 | K75: uc122 | L75: 0.0625 | M75: 0.092345465 | N75: -1.1650743 | O75: 0.5030036 | P75: 0.15505113 | Q75: =M76-M75 -> 0.023377842 | R75: =N76-N75 -> -0.0033738039 | S75: =O76-O75 -> -0.0041732334 | T75: =P76-P75 -> -0.0020871988 | U75: uc122 | V75: 0.1025 | W75: 0.4829015 | X75: -1.2214379 | Y75: 0.43328453 | Z75: 0.12018186 | AA75: =W76-W75 -> 0.025632864 | AB75: =X76-X75 -> -0.0036992403 | AC75: =Y76-Y75 -> -0.0045757827 | AD75: =Z76-Z75 -> -0.0022885296
B76: =B27+0.02 -> 0.025 | C76: -0.24315789 | D76: -1.1166557 | E76: 0.56289509 | F76: 0.18500523 | G76: =C77-C76 -> 0.021517373 | H76: =D77-D76 -> -0.003105308 | I76: =E77-E76 -> -0.0038411168 | J76: =F77-F76 -> -0.0019210942 | L76: 0.065 | M76: 0.11572331 | N76: -1.1684481 | O76: 0.49883037 | P76: 0.15296393 | Q76: =M77-M76 -> 0.023510132 | R76: =N77-N76 -> -0.0033928956 | S76: =O77-O76 -> -0.0041968489 | T76: =P77-P76 -> -0.0020990099 | V76: 0.105 | W76: 0.50853436 | X76: -1.2251372 | Y76: 0.42870875 | Z76: 0.11789333 | AA76: =W77-W76 -> 0.025784192 | AB76: =X77-X76 -> -0.0037210795 | AC76: =Y77-Y76 -> -0.0046027966 | AD76: =Z77-Z76 -> -0.0023020404
B77: =B28+0.02 -> 0.0275 | C77: -0.22164051 | D77: -1.119761 | E77: 0.55905398 | F77: 0.18308413 | G77: =C78-C77 -> 0.021634549 | H77: =D78-D77 -> -0.0031222182 | I77: =E78-E77 -> -0.003862034 | J77: =F78-F77 -> -0.0019315557 | L77: 0.0675 | M77: 0.13923344 | N77: -1.171841 | O77: 0.49463352 | P77: 0.15086492 | Q77: =M78-M77 -> 0.023643518 | R77: =N78-N77 -> -0.0034121453 | S77: =O78-O77 -> -0.0042206599 | T77: =P78-P77 -> -0.0021109187 | V77: 0.1075 | W77: 0.53431855 | X77: -1.2288583 | Y77: 0.42410595 | Z77: 0.11559129 | AA77: =W78-W77 -> 0.025936825 | AB77: =X78-X77 -> -0.0037431068 | AC77: =Y78-Y77 -> -0.0046300434 | AD77: =Z78-Z77 -> -0.0023156676
B78: =B29+0.02 -> 0.03 | C78: -0.20000596 | D78: -1.1228833 | E78: 0.55519194 | F78: 0.18115258 | G78: =C79-C78 -> 0.021752659 | H78: =D79-D78 -> -0.0031392635 | I78: =E79-E78 -> -0.0038831182 | J78: =F79-F78 -> -0.0019421008 | L78: 0.07 | M78: 0.16287696 | N78: -1.1752532 | O78: 0.49041286 | P78: 0.148754 | Q78: =M79-M78 -> 0.023778012 | R78: =N79-N78 -> -0.0034315549 | S78: =O79-O78 -> -0.0042446687 | T78: =P79-P78 -> -0.0021229264 | V78: 0.11 | W78: 0.56025538 | X78: -1.2326014 | Y78: 0.41947591 | Z78: 0.11327563 | AA78: =W79-W78 -> 0.026090776 | AB78: =X79-X78 -> -0.0037653246 | AC78: =Y79-Y78 -> -0.0046575257 | AD78: =Z79-Z78 -> -0.0023294126
B79: =B30+0.02 -> 0.0325 | C79: -0.1782533 | D79: -1.1260225 | E79: 0.55130883 | F79: 0.17921048 | G79: =C80-C79 -> 0.021871715 | H79: =D80-D79 -> -0.0031564453 | I79: =E80-E79 -> -0.0039043712 | J79: =F80-F79 -> -0.0019527302 | L79: 0.0725 | M79: 0.18665497 | N79: -1.1786847 | O79: 0.48616819 | P79: 0.14663107 | Q79: =M80-M79 -> 0.023913624 | R79: =N80-N79 -> -0.0034511261 | S79: =O80-O79 -> -0.0042688772 | T79: =P80-P79 -> -0.0021350341 | V79: 0.1125 | W79: 0.58634615 | X79: -1.2363667 | Y79: 0.41481838 | Z79: 0.11094621 | AA79: =W80-W79 -> 0.026246062 | AB79: =X80-X79 -> -0.0037877349 | AC79: =Y80-Y79 -> -0.0046852462 | AD79: =Z80-Z79 -> -0.0023432766
B80: =B31+0.02 -> 0.035 | C80: -0.15638159 | D80: -1.129179 | E80: 0.54740445 | F80: 0.17725775 | G80: =C81-C80 -> 0.021991726 | H80: =D81-D80 -> -0.0031737648 | I80: =E81-E80 -> -0.0039257947 | J80: =F81-F80 -> -0.001963445 | L80: 0.075 | M80: 0.21056859 | N80: -1.1821359 | O80: 0.48189932 | P80: 0.14449604 | Q80: =M81-M80 -> 0.024050369 | R80: =N81-N80 -> -0.0034708605 | S80: =O81-O80 -> -0.0042932877 | T80: =P81-P80 -> -0.0021472428 | V80: 0.115 | W80: 0.61259222 | X80: -1.2401544 | Y80: 0.41013314 | Z80: 0.10860294 | AA80: =W81-W80 -> 0.026402697 | AB80: =X81-X80 -> -0.0038103398 | AC80: =Y81-Y80 -> -0.0047132074 | AD80: =Z81-Z80 -> -0.0023572612
B81: =B32+0.02 -> 0.0375 | C81: -0.13438986 | D81: -1.1323527 | E81: 0.54347866 | F81: 0.1752943 | G81: =C82-C81 -> 0.022112703 | H81: =D82-D81 -> -0.0031912237 | I81: =E82-E81 -> -0.0039473905 | J81: =F82-F81 -> -0.0019742459 | L81: 0.0775 | M81: 0.23461896 | N81: -1.1856067 | O81: 0.47760603 | P81: 0.1423488 | Q81: =M82-M81 -> 0.024188257 | R81: =N82-N81 -> -0.00349076 | S81: =O82-O81 -> -0.0043179024 | T81: =P82-P81 -> -0.0021595535 | V81: 0.1175 | W81: 0.63899491 | X81: -1.2439648 | Y81: 0.40541993 | Z81: 0.10624568 | AA81: =W82-W81 -> 0.026560696 | AB81: =X82-X81 -> -0.0038331416 | AC81: =Y82-Y81 -> -0.0047414121 | AD81: =Z82-Z81 -> -0.0023713675
B82: =B33+0.02 -> 0.04 | C82: -0.11227716 | D82: -1.135544 | E82: 0.53953127 | F82: 0.17332005 | G82: =AVERAGE(G75:G81) -> 0.02175455 | H82: =AVERAGE(H75:H81) -> -0.0031395364 | I82: =AVERAGE(I75:I81) -> -0.0038834558 | J82: =AVERAGE(J75:J81) -> -0.0019422696 | L82: 0.08 | M82: 0.25880722 | N82: -1.1890975 | O82: 0.47328813 | P82: 0.14018924 | Q82: =AVERAGE(Q75:Q81) -> 0.023780251 | R82: =AVERAGE(R75:R81) -> -0.003431878 | S82: =AVERAGE(S75:S81) -> -0.0042450683 | T82: =AVERAGE(T75:T81) -> -0.0021231263 | V82: 0.12 | W82: 0.66555561 | X82: -1.2477979 | Y82: 0.40067852 | Z82: 0.10387431 | AA82: =AVERAGE(AA75:AA81) -> 0.026093445 | AB82: =AVERAGE(AB75:AB81) -> -0.0037657097 | AC82: =AVERAGE(AC75:AC81) -> -0.004658002 | AD82: =AVERAGE(AD75:AD81) -> -0.0023296508
A83: uc211 | B83: =B34+0.02 -> 0.0225 | C83: -0.45208609 | D83: -0.97658461 | E83: 0.47433711 | F83: 0.27166002 | G83: =C84-C83 -> 0 | H83: =D84-D83 -> 0.012523893 | I83: =E84-E83 -> -0.014339465 | J83: =F84-F83 -> 0.0077478878 | K83: uc211 | L83: 0.0625 | M83: -0.45208609 | N83: -0.76827518 | O83: 0.23582934 | P83: 0.40053035 | Q83: =M84-M83 -> 0 | R83: =N84-N83 -> 0.013603597 | S83: =O84-O83 -> -0.015575692 | T83: =P84-P83 -> 0.0084158451 | U83: uc211 | V83: 0.1025 | W83: -0.45208609 | X83: -0.54167706 | Y83: -0.023618405 | Z83: 0.54071494 | AA83: =W84-W83 -> 0 | AB83: =X84-X83 -> 0.014822213 | AC83: =Y84-Y83 -> -0.016970969 | AD83: =Z84-Z83 -> 0.0091697401
B84: =B35+0.02 -> 0.025 | C84: -0.45208609 | D84: -0.96406072 | E84: 0.45999765 | F84: 0.27940791 | G84: =C85-C84 -> 0 | H84: =D85-D84 -> 0.012587692 | I84: =E85-E84 -> -0.014412513 | J84: =F85-F84 -> 0.0077873574 | L84: 0.065 | M84: -0.45208609 | N84: -0.75467158 | O84: 0.22025365 | P84: 0.40894619 | Q84: =M85-M84 -> 0 | R84: =N85-N84 -> 0.013675468 | S84: =O85-O84 -> -0.015657982 | T84: =P85-P84 -> 0.0084603082 | V84: 0.105 | W84: -0.45208609 | X84: -0.52685485 | Y84: -0.040589374 | Z84: 0.54988468 | AA84: =W85-W84 -> 0 | AB84: =X85-X84 -> 0.014903501 | AC84: =Y85-Y84 -> -0.017064042 | AD84: =Z85-Z84 -> 0.0092200292
B85: =B36+0.02 -> 0.0275 | C85: -0.45208609 | D85: -0.95147302 | E85: 0.44558513 | F85: 0.28719527 | G85: =C86-C85 -> 0 | H85: =D86-D85 -> 0.012651961 | I85: =E86-E85 -> -0.014486099 | J85: =F86-F85 -> 0.0078271175 | L85: 0.0675 | M85: -0.45208609 | N85: -0.74099611 | O85: 0.20459567 | P85: 0.4174065 | Q85: =M86-M85 -> 0 | R85: =N86-N85 -> 0.013747886 | S85: =O86-O85 -> -0.015740898 | T85: =P86-P85 -> 0.0085051094 | V85: 0.1075 | W85: -0.45208609 | X85: -0.51195135 | Y85: -0.057653416 | Z85: 0.55910471 | AA85: =W86-W85 -> 0 | AB85: =X86-X85 -> 0.014985429 | AC85: =Y86-Y85 -> -0.017157847 | AD85: =Z86-Z85 -> 0.0092707137
B86: =B37+0.02 -> 0.03 | C86: -0.45208609 | D86: -0.93882106 | E86: 0.43109903 | F86: 0.29502239 | G86: =C87-C86 -> 0 | H86: =D87-D86 -> 0.012716705 | I86: =E87-E86 -> -0.014560228 | J86: =F87-F86 -> 0.0078671707 | L86: 0.07 | M86: -0.45208609 | N86: -0.72724823 | O86: 0.18885477 | P86: 0.42591161 | Q86: =M87-M86 -> 0 | R86: =N87-N86 -> 0.013820856 | S86: =O87-O86 -> -0.015824447 | T86: =P87-P86 -> 0.0085502521 | V86: 0.11 | W86: -0.45208609 | X86: -0.49696592 | Y86: -0.074811262 | Z86: 0.56837543 | AA86: =W87-W86 -> 0 | AB86: =X87-X86 -> 0.015068002 | AC86: =Y87-Y86 -> -0.017252391 | AD86: =Z87-Z86 -> 0.0093217976
B87: =B38+0.02 -> 0.0325 | C87: -0.45208609 | D87: -0.92610436 | E87: 0.41653881 | F87: 0.30288956 | G87: =C88-C87 -> 0 | H87: =D88-D87 -> 0.012781926 | I87: =E88-E87 -> -0.014634905 | J87: =F88-F87 -> 0.0079075199 | L87: 0.0725 | M87: -0.45208609 | N87: -0.71342737 | O87: 0.17303032 | P87: 0.43446186 | Q87: =M88-M87 -> 0 | R87: =N88-N87 -> 0.013894383 | S87: =O88-O87 -> -0.015908633 | T87: =P88-P87 -> 0.0085957395 | V87: 0.1125 | W87: -0.45208609 | X87: -0.48189791 | Y87: -0.092063653 | Z87: 0.57769723 | AA87: =W88-W87 -> 0 | AB87: =X88-X87 -> 0.015151228 | AC87: =Y88-Y87 -> -0.017347681 | AD87: =Z88-Z87 -> 0.0093732849
B88: =B39+0.02 -> 0.035 | C88: -0.45208609 | D88: -0.91332243 | E88: 0.4019039 | F88: 0.31079708 | G88: =C89-C88 -> 0 | H88: =D89-D88 -> 0.01284763 | I88: =E89-E88 -> -0.014710134 | J88: =F89-F88 -> 0.0079481678 | L88: 0.075 | M88: -0.45208609 | N88: -0.69953299 | O88: 0.15712169 | P88: 0.4430576 | Q88: =M89-M88 -> 0 | R88: =N89-N88 -> 0.013968472 | S88: =O89-O88 -> -0.015993463 | T88: =P89-P88 -> 0.008641575 | V88: 0.115 | W88: -0.45208609 | X88: -0.46674669 | Y88: -0.10941133 | Z88: 0.58707051 | AA88: =W89-W88 -> 0 | AB88: =X89-X88 -> 0.015235112 | AC88: =Y89-Y88 -> -0.017443725 | AD88: =Z89-Z88 -> 0.0094251796
B89: =B40+0.02 -> 0.0375 | C89: -0.45208609 | D89: -0.9004748 | E89: 0.38719377 | F89: 0.31874525 | G89: =C90-C89 -> 0 | H89: =D90-D89 -> 0.012913822 | I89: =E90-E89 -> -0.014785922 | J89: =F90-F89 -> 0.0079891173 | L89: 0.0775 | M89: -0.45208609 | N89: -0.68556452 | O89: 0.14112823 | P89: 0.45169918 | Q89: =M90-M89 -> 0 | R89: =N90-N89 -> 0.01404313 | S89: =O90-O89 -> -0.016078944 | T89: =P90-P89 -> 0.0086877621 | V89: 0.1175 | W89: -0.45208609 | X89: -0.45151157 | Y89: -0.12685506 | Z89: 0.59649569 | AA89: =W90-W89 -> 0 | AB89: =X90-X89 -> 0.015319661 | AC89: =Y90-Y89 -> -0.017540531 | AD89: =Z90-Z89 -> 0.0094774857
B90: =B41+0.02 -> 0.04 | C90: -0.45208609 | D90: -0.88756098 | E90: 0.37240784 | F90: 0.32673436 | G90: =AVERAGE(G83:G89) -> 0 | H90: =AVERAGE(H83:H89) -> 0.012717661 | I90: =AVERAGE(I83:I89) -> -0.014561324 | J90: =AVERAGE(J83:J89) -> 0.0078677626 | L90: 0.08 | M90: -0.45208609 | N90: -0.67152139 | O90: 0.12504928 | P90: 0.46038694 | Q90: =AVERAGE(Q83:Q89) -> 0 | R90: =AVERAGE(R83:R89) -> 0.01382197 | S90: =AVERAGE(S83:S89) -> -0.015825723 | T90: =AVERAGE(T83:T89) -> 0.0085509416 | V90: 0.12 | W90: -0.45208609 | X90: -0.43619191 | Y90: -0.14439559 | Z90: 0.60597318 | AA90: =AVERAGE(AA83:AA89) -> 0 | AB90: =AVERAGE(AB83:AB89) -> 0.015069306 | AC90: =AVERAGE(AC83:AC89) -> -0.017253884 | AD90: =AVERAGE(AD83:AD89) -> 0.0093226044
A91: uc222 | B91: =B42+0.02 -> 0.0225 | C91: -0.45208609 | D91: -1.0176666 | E91: 0.60019136 | F91: 0.15970091 | G91: =C92-C91 -> 0 | H91: =D92-D91 -> 0.0078379828 | I91: =E92-E91 -> 0 | J91: =F92-F91 -> -0.005005116 | K91: uc222 | L91: 0.0625 | M91: -0.45208609 | N91: -0.88742319 | O91: 0.60019136 | P91: 0.076531144 | Q91: =M92-M91 -> 0 | R91: =N92-N91 -> 0.0084967795 | S91: =O92-O91 -> 0 | T91: =P92-P91 -> -0.0054258051 | U91: uc222 | V91: 0.1025 | W91: -0.45208609 | X91: -0.74601175 | Y91: 0.60019136 | Z91: -0.013770235 | AA91: =W92-W91 -> 0 | AB91: =X92-X91 -> 0.0092417016 | AC91: =Y92-Y91 -> 0 | AD91: =Z92-Z91 -> -0.0059014915
B92: =B43+0.02 -> 0.025 | C92: -0.45208609 | D92: -1.0098286 | E92: 0.60019136 | F92: 0.1546958 | G92: =C93-C92 -> 0 | H92: =D93-D92 -> 0.0078768875 | I92: =E93-E92 -> 0 | J92: =F93-F92 -> -0.0050299595 | L92: 0.065 | M92: -0.45208609 | N92: -0.87892641 | O92: 0.60019136 | P92: 0.071105339 | Q92: =M93-M92 -> 0 | R92: =N93-N92 -> 0.0085406681 | S92: =O93-O92 -> 0 | T92: =P93-P92 -> -0.0054538311 | V92: 0.105 | W92: -0.45208609 | X92: -0.73677005 | Y92: 0.60019136 | Z92: -0.019671726 | AA92: =W93-W92 -> 0 | AB92: =X93-X92 -> 0.0092914568 | AC92: =Y93-Y92 -> 0 | AD92: =Z93-Z92 -> -0.0059332638
B93: =B44+0.02 -> 0.0275 | C93: -0.45208609 | D93: -1.0019517 | E93: 0.60019136 | F93: 0.14966584 | G93: =C94-C93 -> 0 | H93: =D94-D93 -> 0.007916081 | I93: =E94-E93 -> 0 | J93: =F94-F93 -> -0.0050549873 | L93: 0.0675 | M93: -0.45208609 | N93: -0.87038574 | O93: 0.60019136 | P93: 0.065651508 | Q93: =M94-M93 -> 0 | R93: =N94-N93 -> 0.0085848956 | S93: =O94-O93 -> 0 | T93: =P94-P93 -> -0.0054820736 | V93: 0.1075 | W93: -0.45208609 | X93: -0.72747859 | Y93: 0.60019136 | Z93: -0.02560499 | AA93: =W94-W93 -> 0 | AB93: =X94-X93 -> 0.0093416124 | AC93: =Y94-Y93 -> 0 | AD93: =Z94-Z93 -> -0.0059652917
B94: =B45+0.02 -> 0.03 | C94: -0.45208609 | D94: -0.99403562 | E94: 0.60019136 | F94: 0.14461085 | G94: =C95-C94 -> 0 | H94: =D95-D94 -> 0.0079555662 | I94: =E95-E94 -> 0 | J94: =F95-F94 -> -0.0050802015 | L94: 0.07 | M94: -0.45208609 | N94: -0.86180085 | O94: 0.60019136 | P94: 0.060169435 | Q94: =M95-M94 -> 0 | R94: =N95-N94 -> 0.0086294655 | S94: =O95-O94 -> 0 | T94: =P95-P94 -> -0.0055105347 | V94: 0.11 | W94: -0.45208609 | X94: -0.71813698 | Y94: 0.60019136 | Z94: -0.031570281 | AA94: =W95-W94 -> 0 | AB94: =X95-X94 -> 0.0093921725 | AC94: =Y95-Y94 -> 0 | AD94: =Z95-Z94 -> -0.005997578
B95: =B46+0.02 -> 0.0325 | C95: -0.45208609 | D95: -0.98608005 | E95: 0.60019136 | F95: 0.13953065 | G95: =C96-C95 -> 0 | H95: =D96-D95 -> 0.007995346 | I95: =E96-E95 -> 0 | J95: =F96-F95 -> -0.0051056037 | L95: 0.0725 | M95: -0.45208609 | N95: -0.85317138 | O95: 0.60019136 | P95: 0.0546589 | Q95: =M96-M95 -> 0 | R95: =N96-N95 -> 0.0086743814 | S95: =O96-O95 -> 0 | T95: =P96-P95 -> -0.0055392167 | V95: 0.1125 | W95: -0.45208609 | X95: -0.70874481 | Y95: 0.60019136 | Z95: -0.037567859 | AA95: =W96-W95 -> 0 | AB95: =X96-X95 -> 0.0094431416 | AC95: =Y96-Y95 -> 0 | AD95: =Z96-Z95 -> -0.0060301254
B96: =B47+0.02 -> 0.035 | C96: -0.45208609 | D96: -0.9780847 | E96: 0.60019136 | F96: 0.13442504 | G96: =C97-C96 -> 0 | H96: =D97-D96 -> 0.0080354232 | I96: =E97-E96 -> 0 | J96: =F97-F96 -> -0.0051311959 | L96: 0.075 | M96: -0.45208609 | N96: -0.844497 | O96: 0.60019136 | P96: 0.049119683 | Q96: =M97-M96 -> 0 | R96: =N97-N96 -> 0.0087196468 | S96: =O97-O96 -> 0 | T96: =P97-P96 -> -0.0055681219 | V96: 0.115 | W96: -0.45208609 | X96: -0.69930167 | Y96: 0.60019136 | Z96: -0.043597985 | AA96: =W97-W96 -> 0 | AB96: =X97-X96 -> 0.0094945241 | AC96: =Y97-Y96 -> 0 | AD96: =Z97-Z96 -> -0.0060629368
B97: =B48+0.02 -> 0.0375 | C97: -0.45208609 | D97: -0.97004928 | E97: 0.60019136 | F97: 0.12929385 | G97: =C98-C97 -> 0 | H97: =D98-D97 -> 0.0080758009 | I97: =E98-E97 -> 0 | J97: =F98-F97 -> -0.00515698 | L97: 0.0775 | M97: -0.45208609 | N97: -0.83577735 | O97: 0.60019136 | P97: 0.043551561 | Q97: =M98-M97 -> 0 | R97: =N98-N97 -> 0.0087652653 | S97: =O98-O97 -> 0 | T97: =P98-P97 -> -0.0055972526 | V97: 0.1175 | W97: -0.45208609 | X97: -0.68980714 | Y97: 0.60019136 | Z97: -0.049660922 | AA97: =W98-W97 -> 0 | AB97: =X98-X97 -> 0.0095463243 | AC97: =Y98-Y97 -> 0 | AD97: =Z98-Z97 -> -0.006096015
B98: =B49+0.02 -> 0.04 | C98: -0.45208609 | D98: -0.96197348 | E98: 0.60019136 | F98: 0.12413687 | G98: =AVERAGE(G91:G97) -> 0 | H98: =AVERAGE(H91:H97) -> 0.0079561554 | I98: =AVERAGE(I91:I97) -> 0 | J98: =AVERAGE(J91:J97) -> -0.0050805777 | L98: 0.08 | M98: -0.45208609 | N98: -0.82701209 | O98: 0.60019136 | P98: 0.037954309 | Q98: =AVERAGE(Q91:Q97) -> 0 | R98: =AVERAGE(R91:R97) -> 0.0086301574 | S98: =AVERAGE(S91:S97) -> 0 | T98: =AVERAGE(T91:T97) -> -0.0055109765 | V98: 0.12 | W98: -0.45208609 | X98: -0.68026082 | Y98: 0.60019136 | Z98: -0.055756937 | AA98: =AVERAGE(AA91:AA97) -> 0 | AB98: =AVERAGE(AB91:AB97) -> 0.0093929905 | AC98: =AVERAGE(AC91:AC97) -> 0 | AD98: =AVERAGE(AD91:AD97) -> -0.0059981003

Sheet Todo en 0 Ratio Max-Final th1
C1: th1
B2: uh122 | C2: MAX | D2: FINAL | E2: Ratio
B3: 0.0025 | C3: 383.85132 | D3: 383.54122 | E3: =C3/D3 -> 1.0008085 | G3: =D4-D3 -> 0.28279065
B4: 0.005 | C4: 384.44317 | D4: 383.82401 | E4: =C4/D4 -> 1.0016131 | G4: =D5-D4 -> 0.2838351
B5: 0.0075 | C5: 385.03502 | D5: 384.10785 | E5: =C5/D5 -> 1.0024138 | G5: =D6-D5 -> 0.28488463
B6: 0.01 | C6: 385.62687 | D6: 384.39273 | E6: =C6/D6 -> 1.0032106 | G6: =D7-D6 -> 0.28593927
B7: 0.0125 | C7: 386.21872 | D7: 384.67867 | E7: =C7/D7 -> 1.0040035 | G7: =D8-D7 -> 0.28699904
B8: 0.015 | C8: 386.81058 | D8: 384.96567 | E8: =C8/D8 -> 1.0047924 | G8: =D9-D8 -> 0.28806398
B9: 0.0175 | C9: 387.40243 | D9: 385.25373 | E9: =C9/D9 -> 1.0055773 | G9: =D10-D9 -> 0.28913411
B10: 0.02 | C10: 387.99428 | D10: 385.54287 | E10: =C10/D10 -> 1.0063583 | G10: =D11-D10 -> 0.29020945
B11: 0.0225 | C11: 388.58613 | D11: 385.83308 | E11: =C11/D11 -> 1.0071353 | G11: =D12-D11 -> 0.29129003
B12: 0.025 | C12: 389.17798 | D12: 386.12437 | E12: =C12/D12 -> 1.0079084 | G12: =D13-D12 -> 0.29237588
B13: 0.0275 | C13: 389.76983 | D13: 386.41674 | E13: =C13/D13 -> 1.0086774 | G13: =D14-D13 -> 0.29346703
B14: 0.03 | C14: 390.36168 | D14: 386.71021 | E14: =C14/D14 -> 1.0094424 | G14: =D15-D14 -> 0.2945635
... B41: 0.0975 | C41: 406.34167 | D41: 395.06637 | E41: =C41/D41 -> 1.0285403 | G41: =D42-D41 -> 0.32627955
B42: 0.1 | C42: 406.93352 | D42: 395.39265 | E42: =C42/D42 -> 1.0291884

Sheet Nominales el resto en 0
G2: SALIDA | H2: Kp | I2: Tp | J2: Td | K2: VALOR | L2: #
A3: 0.825 | B3: 0.033810479 | C3: -0.011812028 | D3: -0.0044916172 | E3: -0.002046103 | G3: th1 | H3: -123.12201 | I3: 2.0882859 | J3: 1.506 | K3: 0.825 | L3: 1
A4: 0.85 | B4: 0.033810479 | C4: -0.011812028 | D4: -0.0044916172 | E4: -0.002046103 | G4: th2 | H4: -17.150327 | I4: 2.7807014 | J4: 4.056 | K4: 0.825 | L4: 2
A5: 0.875 | B5: 0.033810479 | C5: -0.011812028 | D5: -0.0044916172 | E5: -0.002046103 | G5: tc1 | H5: -30.127888 | I5: 2.3021797 | J5: 3.769 | K5: 0.825 | L5: 3
A6: 0.9 | B6: 0.033810479 | C6: -0.011812028 | D6: -0.0044916172 | E6: -0.002046103 | G6: tc2 | H6: -8.5948735 | I6: 2.738449 | J6: 3.708 | K6: 0.825 | L6: 4
A7: 0.925 | B7: 0.033810479 | C7: -0.011812028 | D7: -0.0044916172 | E7: -0.002046103 | G7: th1 | H7: -123.15207 | I7: 2.2769908 | J7: 1.449 | K7: 0.85 | L7: 5
A8: 0.95 | B8: 0.033810479 | C8: -0.011812028 | D8: -0.0044916172 | E8: -0.002046103 | G8: th2 | H8: -17.135473 | I8: 2.4874536 | J8: 4.581 | K8: 0.85 | L8: 6
A9: 0.975 | B9: 0.033810479 | C9: -0.011812028 | D9: -0.0044916172 | E9: -0.002046103 | G9: tc1 | H9: -30.09107 | I9: 1.8248896 | J9: 4.55 | K9: 0.85 | L9: 7
A10: 1 | B10: 0.033810479 | C10: -0.011812028 | D10: -0.0044916172 | E10: -0.002046103 | G10: tc2 | H10: -8.5826899 | I10: 2.27419 | J10: 4.452 | K10: 0.85 | L10: 8
A11: 1.025 | B11: 0.033810479 | C11: -0.011812028 | D11: -0.0044916172 | E11: -0.002046103 | G11: th1 | H11: -123.15216 | I11: 2.2769907 | J11: 1.449 | K11: 0.875 | L11: 9
A12: 1.05 | B12: 0.033810479 | C12: -0.011812028 | D12: -0.0044916172 | E12: -0.002046103 | G12: th2 | H12: -17.136399 | I12: 2.4874184 | J12: 4.581 | K12: 0.875 | L12: 10
A13: 1.075 | B13: 0.033810479 | C13: -0.011812028 | D13: -0.0044916172 | E13: -0.002046103 | G13: tc1 | H13: -30.091892 | I13: 1.8248835 | J13: 4.55 | K13: 0.875 | L13: 11
A14: 1.1 | B14: 0.033810479 | C14: -0.011812028 | D14: -0.0044916172 | E14: -0.002046103 | G14: tc2 | H14: -8.5832923 | I14: 2.2741669 | J14: 4.452 | K14: 0.875 | L14: 12
... A17: 1.175 | B17: 0.033810479 | C17: -0.011812028 | D17: -0.0044916172 | E17: -0.002046103 | G17: tc1 | H17: -30.12812 | I17: 2.3021767 | J17: 3.769 | K17: 0.9 | L17: 15
G18: tc2 | H18: -8.5949814 | I18: 2.7384413 | J18: 3.708 | K18: 0.9 | L18: 16
G19: th1 | H19: -123.15216 | I19: 2.2769907 | J19: 1.449 | K19: 0.925 | L19: 17
G20: th2 | H20: -17.136399 | I20: 2.4874184 | J20: 4.581 | K20: 0.925 | L20: 18
G21: tc1 | H21: -30.091892 | I21: 1.8248835 | J21: 4.55 | K21: 0.925 | L21: 19
G22: tc2 | H22: -8.5832923 | I22: 2.2741669 | J22: 4.452 | K22: 0.925 | L22: 20
G23: th1 | H23: -123.15194 | I23: 2.2770025 | J23: 1.449 | K23: 0.95 | L23: 21
G24: th2 | H24: -17.135832 | I24: 2.4879727 | J24: 4.581 | K24: 0.95 | L24: 22
G25: tc1 | H25: -30.090773 | I25: 1.825524 | J25: 4.549 | K25: 0.95 | L25: 23
G26: tc2 | H26: -8.582907 | I26: 2.2761353 | J26: 4.451 | K26: 0.95 | L26: 24
G27: th1 | H27: -123.12192 | I27: 2.088286 | J27: 1.506 | K27: 0.975 | L27: 25
G28: th2 | H28: -17.149401 | I28: 2.7807267 | J28: 4.056 | K28: 0.975 | L28: 26
G29: tc1 | H29: -30.127066 | I29: 2.3021898 | J29: 3.769 | K29: 0.975 | L29: 27
... G62: tc2 | H62: -8.5948735 | I62: 2.738449 | J62: 3.708 | K62: 1.175 | L62: 60

Sheet Variar Nominales h112
A1: uh112 | B1: Parameter Array (tiempo muerto) | J1: Sin Tiempo Muerto | Q1: error final vs setpoint (en % de sp)
B2: n | C2: Valor | D2: Kp | E2: Tp | F2: Td | G2: % | H2: Salida | J2: n | K2: Valor | L2: Kp | M2: Tp | N2: % | O2: Salida | Q2: n | R2: Valor | S2: th1 | T2: th2 | U2: tc1 | V2: tc2
B3: 1 | C3: 0.75 | D3: 114.68859 | E3: 0.16704439 | F3: 0.568 | G3: -13.856643 | H3: th1 | J3: 1 | K3: 0.75 | L3: 117.67137 | M3: 9.504529e-10 | N3: -11.770775 | O3: th1 | Q3: 1 | R3: 0.75 | S3: -0.12207433 | T3: 0.010758239 | U3: 0.023849434 | V3: 0.011260447 | X3: =S4-S3 -> 0.011094919 | Y3: =T4-T3 -> -0.0016064124 | Z3: =U4-U3 -> -0.0020171412 | AA3: =V4-V3 -> -0.00094707817
B4: 2 | C4: 0.75 | D4: -17.273844 | E4: 2.8004615 | F4: 1.462 | G4: 91.910572 | H4: th2 | J4: 2 | K4: 0.75 | L4: -17.393538 | M4: 4.3928006 | N4: 82.781006 | O4: th2 | Q4: 2 | R4: 0.775 | S4: -0.11097941 | T4: 0.0091518265 | U4: 0.021832293 | V4: 0.010313369 | X4: =S5-S4 -> 0.011100751 | Y4: =T5-T4 -> -0.0016072568 | Z4: =U5-U4 -> -0.0020182015 | AA4: =V5-V4 -> -0.000947576
B5: 3 | C5: 0.75 | D5: -30.314891 | E5: 2.1460236 | F5: 1.475 | G5: 93.031877 | H5: tc1 | J5: 3 | K5: 0.75 | L5: -30.529741 | M5: 3.7769874 | N5: 82.114205 | O5: tc1 | Q5: 3 | R5: 0.8 | S5: -0.099878663 | T5: 0.0075445697 | U5: 0.019814091 | V5: 0.0093657932 | X5: =S6-S5 -> 0.011106885 | Y5: =T6-T5 -> -0.0016081448 | Z5: =U6-U5 -> -0.0020193166 | AA5: =V6-V5 -> -0.00094809956
B6: 4 | C6: 0.75 | D6: -8.6482831 | E6: 2.4849249 | F6: 1.409 | G6: 92.529754 | H6: tc2 | J6: 4 | K6: 0.75 | L6: -8.7069252 | M6: 4.0338131 | N6: 82.911675 | O6: tc2 | Q6: 4 | R6: 0.825 | S6: -0.088771778 | T6: 0.0059364249 | U6: 0.017794775 | V6: 0.0084176936 | X6: =S7-S6 -> 0.011113023 | Y6: =T7-T6 -> -0.0016090335 | Z6: =U7-U6 -> -0.0020204325 | AA6: =V7-V6 -> -0.00094862351
B7: 5 | C7: 0.75 | D7: -123.86651 | E7: 0.794457 | F7: 1.243 | G7: 98.89418 | H7: th1 - alt | J7: 5 | K7: 0.775 | L7: 117.67083 | M7: 4.7525774e-10 | N7: -27.36343 | O7: th1 | Q7: 5 | R7: 0.85 | S7: -0.077658755 | T7: 0.0043273914 | U7: 0.015774342 | V7: 0.0074690701 | X7: =S8-S7 -> 0.011119165 | Y7: =T8-T7 -> -0.0016099229 | Z7: =U8-U7 -> -0.0020215493 | AA7: =V8-V7 -> -0.00094914783
B8: 6 | C8: 0.775 | D8: 114.72968 | E8: 0.16085217 | F8: 0.076 | G8: -27.922964 | H8: th1 | J8: 6 | K8: 0.775 | L8: -17.397706 | M8: 4.3921953 | N8: 81.040486 | O8: th2 | Q8: 6 | R8: 0.875 | S8: -0.06653959 | T8: 0.0027174685 | U8: 0.013752793 | V8: 0.0065199223 | X8: =S9-S8 -> 0.011125312 | Y8: =T9-T8 -> -0.0016108129 | Z8: =U9-U8 -> -0.0020226668 | AA8: =V9-V8 -> -0.00094967254
B9: 7 | C9: 0.775 | D9: -17.278011 | E9: 2.8002506 | F9: 1.461 | G9: 91.09277 | H9: th2 | J9: 7 | K9: 0.775 | L9: -30.532992 | M9: 3.7767751 | N9: 80.158519 | O9: tc1 | Q9: 7 | R9: 0.9 | S9: -0.055414278 | T9: 0.0011066556 | U9: 0.011730126 | V9: 0.0055702497 | X9: =S10-S9 -> 0.011131463 | Y9: =T10-T9 -> -0.0016117035 | Z9: =U10-U9 -> -0.0020237852 | AA9: =V10-V9 -> -0.00095019762
B10: 8 | C10: 0.775 | D10: -30.318138 | E10: 2.145952 | F10: 1.475 | G10: 92.270089 | H10: tc1 | J10: 8 | K10: 0.775 | L10: -8.708673 | M10: 4.0333564 | N10: 81.094465 | O10: tc2 | Q10: 8 | R10: 0.925 | S10: -0.044282814 | T10: -0.00050504793 | U10: 0.0097063408 | V10: 0.0046200521 | X10: =S11-S10 -> 0.011137918 | Y10: =T11-T10 -> -0.001612638 | Z10: =U11-U10 -> -0.0020249586 | AA10: =V11-V10 -> -0.00095074856
B11: 9 | C11: 0.775 | D11: -8.6500293 | E11: 2.4847578 | F11: 1.408 | G11: 91.735484 | H11: tc2 | J11: 9 | K11: 0.8 | L11: 117.67083 | M11: 4.7525774e-10 | N11: -27.36343 | O11: th1 | Q11: 9 | R11: 0.95 | S11: -0.033144897 | T11: -0.0021176859 | U11: 0.0076813822 | V11: 0.0036693035 | X11: =S12-S11 -> 0.01114378 | Y11: =T12-T11 -> -0.0016134868 | Z11: =U12-U11 -> -0.0020260244 | AA11: =V12-V11 -> -0.00095124896
B12: 10 | C12: 0.775 | D12: -123.86706 | E12: 0.7944565 | F12: 1.243 | G12: 98.74059 | H12: th1 - alt | J12: 10 | K12: 0.8 | L12: -17.397706 | M12: 4.3921953 | N12: 81.040486 | O12: th2 | Q12: 10 | R12: 0.975 | S12: -0.022001117 | T12: -0.0037311727 | U12: 0.0056553578 | V12: 0.0027180546 | X12: =S13-S12 -> 0.011149944 | Y12: =T13-T12 -> -0.0016143793 | Z12: =U13-U12 -> -0.0020271452 | AA12: =V13-V12 -> -0.00095177519
B13: 11 | C13: 0.8 | D13: 114.72953 | E13: 0.16101794 | F13: 0.078 | G13: -27.924458 | H13: th1 | J13: 11 | K13: 0.8 | L13: -30.532992 | M13: 3.7767751 | N13: 80.158519 | O13: tc1 | Q13: 11 | R13: 1 | S13: -0.010851173 | T13: -0.005345552 | U13: 0.0036282127 | V13: 0.0017662794 | X13: =S14-S13 -> 0.011156114 | Y13: =T14-T13 -> -0.0016152726 | Z13: =U14-U13 -> -0.0020282668 | AA13: =V14-V13 -> -0.0009523018
B14: 12 | C14: 0.8 | D14: -17.278011 | E14: 2.8002506 | F14: 1.461 | G14: 91.09277 | H14: th2 | J14: 12 | K14: 0.8 | L14: -8.708673 | M14: 4.0333564 | N14: 81.094465 | O14: tc2 | Q14: 12 | R14: 1.025 | S14: 0.00030494103 | T14: -0.0069608246 | U14: 0.0015999459 | V14: 0.00081397761 | X14: =S15-S14 -> 0.011162287 | Y14: =T15-T14 -> -0.0016161665 | Z14: =U15-U14 -> -0.0020293892 | AA14: =V15-V14 -> -0.00095282879
... B22: 20 | C22: 0.825 | D22: -123.86706 | E22: 0.79445649 | F22: 1.243 | G22: 98.74059 | H22: th1 - alt | J22: 20 | K22: 0.85 | L22: -8.708673 | M22: 4.0333564 | N22: 81.094465 | O22: tc2 | Q22: 20 | R22: 1.225 | S22: 0.08977678 | T22: -0.019915283 | U22: -0.014666719 | V22: -0.0068234664 | X22: =S23-S22 -> 0.011211839 | Y22: =T23-T22 -> -0.0016233409 | Z22: =U23-U22 -> -0.002038398 | AA22: =V23-V22 -> -0.00095705857
B23: 21 | C23: 0.85 | D23: 114.72951 | E23: 0.16133392 | F23: 0.074 | G23: -27.923393 | H23: th1 | J23: 21 | K23: 0.875 | L23: 117.67083 | M23: 0.0068110376 | N23: -27.36343 | O23: th1 | Q23: 21 | R23: 1.25 | S23: 0.10098862 | T23: -0.021538624 | U23: -0.016705117 | V23: -0.007780525
B24: 22 | C24: 0.85 | D24: -17.278011 | E24: 2.8002506 | F24: 1.461 | G24: 91.09277 | H24: th2 | J24: 22 | K24: 0.875 | L24: -17.397706 | M24: 4.3921952 | N24: 81.040486 | O24: th2
B25: 23 | C25: 0.85 | D25: -30.318138 | E25: 2.145952 | F25: 1.475 | G25: 92.270089 | H25: tc1 | J25: 23 | K25: 0.875 | L25: -30.532992 | M25: 3.7767751 | N25: 80.158519 | O25: tc1
B26: 24 | C26: 0.85 | D26: -8.6500293 | E26: 2.4847578 | F26: 1.408 | G26: 91.735484 | H26: tc2 | J26: 24 | K26: 0.875 | L26: -8.708673 | M26: 4.0333564 | N26: 81.094465 | O26: tc2
B27: 25 | C27: 0.85 | D27: -123.86706 | E27: 0.7944565 | F27: 1.243 | G27: 98.74059 | H27: th1 - alt | J27: 25 | K27: 0.9 | L27: 117.67083 | M27: 6.4258219e-07 | N27: -27.36343 | O27: th1
B28: 26 | C28: 0.875 | D28: 114.72954 | E28: 0.16152255 | F28: 0.074 | G28: -27.923912 | H28: th1 | J28: 26 | K28: 0.9 | L28: -17.397706 | M28: 4.3921953 | N28: 81.040486 | O28: th2
B29: 27 | C29: 0.875 | D29: -17.278012 | E29: 2.8002506 | F29: 1.461 | G29: 91.09277 | H29: th2 | J29: 27 | K29: 0.9 | L29: -30.532992 | M29: 3.7767751 | N29: 80.158519 | O29: tc1
B30: 28 | C30: 0.875 | D30: -30.318138 | E30: 2.145952 | F30: 1.475 | G30: 92.270089 | H30: tc1 | J30: 28 | K30: 0.9 | L30: -8.708673 | M30: 4.0333564 | N30: 81.094465 | O30: tc2
B31: 29 | C31: 0.875 | D31: -8.6500294 | E31: 2.4847578 | F31: 1.408 | G31: 91.735484 | H31: tc2 | J31: 29 | K31: 0.925 | L31: 117.67128 | M31: 4.7523113e-10 | N31: -27.363499 | O31: th1
B32: 30 | C32: 0.875 | D32: -123.86706 | E32: 0.7944565 | F32: 1.243 | G32: 98.74059 | H32: th1 - alt | J32: 30 | K32: 0.925 | L32: -17.39418 | M32: 4.3927137 | N32: 81.038261 | O32: th2
B33: 31 | C33: 0.9 | D33: 114.72948 | E33: 0.16102216 | F33: 0.078 | G33: -27.924486 | H33: th1 | J33: 31 | K33: 0.925 | L33: -30.530402 | M33: 3.7769452 | N33: 80.157835 | O33: tc1
B34: 32 | C34: 0.9 | D34: -17.278011 | E34: 2.8002506 | F34: 1.461 | G34: 91.09277 | H34: th2 | J34: 32 | K34: 0.925 | L34: -8.7072317 | M34: 4.0337359 | N34: 81.093097 | O34: tc2
B35: 33 | C35: 0.9 | D35: -30.318138 | E35: 2.145952 | F35: 1.475 | G35: 92.270089 | H35: tc1 | J35: 33 | K35: 0.95 | L35: 117.67128 | M35: 4.7523113e-10 | N35: -27.363499 | O35: th1
... B86: 84 | C86: 1.15 | D86: -8.6500293 | E86: 2.4847578 | F86: 1.408 | G86: 91.735484 | H86: tc2 | J86: 84 | K86: 1.25 | L86: -8.7069252 | M86: 4.0338131 | N86: 82.911675 | O86: tc2
B87: 85 | C87: 1.15 | D87: -123.86706 | E87: 0.79445649 | F87: 1.243 | G87: 98.74059 | H87: th1 - alt
B88: 86 | C88: 1.175 | D88: 114.73002 | E88: 0.16138063 | F88: 0.074 | G88: -27.923572 | H88: th1
B89: 87 | C89: 1.175 | D89: -17.274486 | E89: 2.8004272 | F89: 1.462 | G89: 91.091831 | H89: th2
B90: 88 | C90: 1.175 | D90: -30.315551 | E90: 2.146008 | F90: 1.475 | G90: 92.269724 | H90: tc1
B91: 89 | C91: 1.175 | D91: -8.6485893 | E91: 2.484897 | F91: 1.409 | G91: 91.734775 | H91: tc2
B92: 90 | C92: 1.175 | D92: -123.8666 | E92: 0.79445694 | F92: 1.243 | G92: 98.740587 | H92: th1 - alt
B93: 91 | C93: 1.2 | D93: 114.72998 | E93: 0.16086929 | F93: 0.078 | G93: -27.924108 | H93: th1
B94: 92 | C94: 1.2 | D94: -17.274486 | E94: 2.8004272 | F94: 1.462 | G94: 91.091831 | H94: th2
B95: 93 | C95: 1.2 | D95: -30.315551 | E95: 2.146008 | F95: 1.475 | G95: 92.269724 | H95: tc1
B96: 94 | C96: 1.2 | D96: -8.6485893 | E96: 2.484897 | F96: 1.409 | G96: 91.734775 | H96: tc2
B97: 95 | C97: 1.2 | D97: -123.8666 | E97: 0.79445694 | F97: 1.243 | G97: 98.740587 | H97: th1 - alt
B98: 96 | C98: 1.225 | D98: 114.68867 | E98: 0.16703642 | F98: 0.568 | G98: -13.85641 | H98: th1
... B107: 105 | C107: 1.25 | D107: -123.86651 | E107: 0.794457 | F107: 1.243 | G107: 98.89418 | H107: th1 - alt

Sheet Variar Nominales h211
A1: uh211 | B1: Parameter Array (tiempo muerto) | J1: Sin Tiempo Muerto | Q1: error final vs setpoint (en % de sp)
B2: n | C2: Valor | D2: Kp | E2: Tp | F2: Td | G2: % | H2: Salida | J2: n | K2: Valor | L2: Kp | M2: Tp | N2: % | O2: Salida | Q2: n | R2: Valor | S2: th1 | T2: th2 | U2: tc1 | V2: tc2
B3: 1 | C3: 0.75 | D3: -0.00019546183 | E3: 3.5666009 | F3: 4.15 | G3: 87.491055 | H3: th1 | J3: 1 | K3: 0.75 | L3: -0.00019832857 | M3: 7.7593772 | N3: 74.579124 | O3: th1 | Q3: 1 | R3: 0.75 | S3: -0.010851211 | T3: -0.12512889 | U3: 0.13760328 | V3: -0.06885331
B4: 2 | C4: 0.75 | D4: 37.284917 | E4: 0.32917586 | F4: 6.763 | G4: 53.31356 | H4: th2 | J4: 2 | K4: 0.75 | L4: 37.073363 | M4: 4.5872171 | N4: 47.159781 | O4: th2 | Q4: 2 | R4: 0.775 | S4: -0.010851211 | T4: -0.12512889 | U4: 0.13760328 | V4: -0.06885331
B5: 3 | C5: 0.75 | D5: -56.858032 | E5: 2.9753538 | F5: 6.737 | G5: 91.545144 | H5: tc1 | J5: 3 | K5: 0.75 | L5: -58.489101 | M5: 10.38511 | N5: 64.372808 | O5: tc1 | Q5: 3 | R5: 0.8 | S5: -0.010851211 | T5: -0.12512889 | U5: 0.13760328 | V5: -0.06885331
B6: 4 | C6: 0.75 | D6: 18.812884 | E6: 1.5828467 | F6: 1.808 | G6: 50.970123 | H6: tc2 | J6: 4 | K6: 0.75 | L6: 18.772289 | M6: 2.8288887 | N6: 44.104166 | O6: tc2 | Q6: 4 | R6: 0.825 | S6: -0.010851211 | T6: -0.12512889 | U6: 0.13760328 | V6: -0.06885331
B7: 5 | C7: 0.75 | D7: -0.00019546183 | E7: 3.5666009 | F7: 4.15 | G7: 87.491055 | H7: th1 - alt | J7: 5 | K7: 0.775 | L7: -6.7316288e-05 | M7: 8.3962643 | N7: 72.506939 | O7: th1 | Q7: 5 | R7: 0.85 | S7: -0.010851211 | T7: -0.12512889 | U7: 0.13760328 | V7: -0.06885331
B8: 6 | C8: 0.775 | D8: -6.6141458e-05 | E8: 3.2750687 | F8: 5.069 | G8: 86.653846 | H8: th1 | J8: 6 | K8: 0.775 | L8: 37.069097 | M8: 4.6939313 | N8: 46.940712 | O8: th2 | Q8: 6 | R8: 0.875 | S8: -0.010851211 | T8: -0.12512889 | U8: 0.13760328 | V8: -0.06885331
B9: 7 | C9: 0.775 | D9: 37.136623 | E9: 1.5082764 | F9: 4.564 | G9: 54.764233 | H9: th2 | J9: 7 | K9: 0.775 | L9: -58.503884 | M9: 10.571474 | N9: 64.055742 | O9: tc1 | Q9: 7 | R9: 0.9 | S9: -0.010851211 | T9: -0.12512889 | U9: 0.13760328 | V9: -0.06885331
B10: 8 | C10: 0.775 | D10: -56.764338 | E10: 2.4829882 | F10: 7.439 | G10: 91.415645 | H10: tc1 | J10: 8 | K10: 0.775 | L10: 18.757627 | M10: 2.9199692 | N10: 44.258061 | O10: tc2 | Q10: 8 | R10: 0.925 | S10: -0.010851211 | T10: -0.12512889 | U10: 0.13760328 | V10: -0.06885331
B11: 9 | C11: 0.775 | D11: 18.795221 | E11: 1.6734671 | F11: 1.803 | G11: 50.813387 | H11: tc2 | J11: 9 | K11: 0.8 | L11: -0.00019832725 | M11: 7.7593132 | N11: 74.579132 | O11: th1 | Q11: 9 | R11: 0.95 | S11: -0.010851211 | T11: -0.12512889 | U11: 0.13760328 | V11: -0.06885331
B12: 10 | C12: 0.775 | D12: -6.6141458e-05 | E12: 3.2750687 | F12: 5.069 | G12: 86.653846 | H12: th1 - alt | J12: 10 | K12: 0.8 | L12: 37.073365 | M12: 4.5871749 | N12: 47.159735 | O12: th2 | Q12: 10 | R12: 0.975 | S12: -0.010851211 | T12: -0.12512889 | U12: 0.13760328 | V12: -0.06885331
B13: 11 | C13: 0.8 | D13: -0.00019546055 | E13: 3.5665497 | F13: 4.15 | G13: 87.491134 | H13: th1 | J13: 11 | K13: 0.8 | L13: -58.489073 | M13: 10.385019 | N13: 64.372904 | O13: tc1 | Q13: 11 | R13: 1 | S13: -0.010851211 | T13: -0.12512889 | U13: 0.13760328 | V13: -0.06885331
B14: 12 | C14: 0.8 | D14: 37.284924 | E14: 0.32912238 | F14: 6.763 | G14: 53.313442 | H14: th2 | J14: 12 | K14: 0.8 | L14: 18.772287 | M14: 2.8288744 | N14: 44.104173 | O14: tc2 | Q14: 12 | R14: 1.025 | S14: -0.010851211 | T14: -0.12512889 | U14: 0.13760328 | V14: -0.06885331
... B23: 21 | C23: 0.85 | D23: -6.6128125e-05 | E23: 3.1722217 | F23: 5.045 | G23: 85.617421 | H23: th1 | J23: 21 | K23: 0.875 | L23: -6.7294986e-05 | M23: 8.2209412 | N23: 72.957942 | O23: th1 | Q23: 21 | R23: 1.25 | S23: -0.010851211 | T23: -0.12512889 | U23: 0.13760328 | V23: -0.06885331
B24: 22 | C24: 0.85 | D24: 37.285902 | E24: 0.32914671 | F24: 6.763 | G24: 53.314648 | H24: th2 | J24: 22 | K24: 0.875 | L24: 37.07436 | M24: 4.5871866 | N24: 47.160628 | O24: th2
B25: 23 | C25: 0.85 | D25: -56.857287 | E25: 2.9753034 | F25: 6.737 | G25: 91.545363 | H25: tc1 | J25: 23 | K25: 0.875 | L25: -58.488285 | M25: 10.384901 | N25: 64.372874 | O25: tc1
B26: 24 | C26: 0.85 | D26: 18.813275 | E26: 1.5828647 | F26: 1.808 | G26: 50.971426 | H26: tc2 | J26: 24 | K26: 0.875 | L26: 18.772676 | M26: 2.8288937 | N26: 44.105396 | O26: tc2 | Q26: error final vs setpoint (en % de sp)
B27: 25 | C27: 0.85 | D27: -6.6128125e-05 | E27: 3.1722217 | F27: 5.045 | G27: 85.617421 | H27: th1 - alt | J27: 25 | K27: 0.9 | L27: -3.9903267e-05 | M27: 8.5453136 | N27: 73.474196 | O27: th1 | Q27: n | R27: Valor | S27: th1 | T27: th2 | U27: tc1 | V27: tc2
B28: 26 | C28: 0.875 | D28: -6.613009e-05 | E28: 3.1721384 | F28: 5.044 | G28: 85.617214 | H28: th1 | J28: 26 | K28: 0.9 | L28: 37.069278 | M28: 4.6939468 | N28: 50.220663 | O28: th2 | Q28: 1 | R28: 0.75 | S28: -0.010851211 | T28: -0.12512889 | U28: 0.13760328 | V28: -0.06885331 | X28: =S29-S28 -> 0 | Y28: =T29-T28 -> 0.011852873 | Z28: =U29-U28 -> -0.013257181 | AA28: =V29-V28 -> 0.0069879922
B29: 27 | C29: 0.875 | D29: 37.285907 | E29: 0.32906563 | F29: 6.763 | G29: 53.31449 | H29: th2 | J29: 27 | K29: 0.9 | L29: -58.503694 | M29: 10.57148 | N29: 65.592191 | O29: tc1 | Q29: 2 | R29: 0.775 | S29: -0.010851211 | T29: -0.11327601 | U29: 0.1243461 | V29: -0.061865318 | X29: =S30-S29 -> -1.4798926e-14 | Y29: =T30-T29 -> 0.011880597 | Z29: =U30-U29 -> -0.01328819 | AA29: =V30-V29 -> 0.0070043373
B30: 28 | C30: 0.875 | D30: -56.857266 | E30: 2.9752081 | F30: 6.737 | G30: 91.545601 | H30: tc1 | J30: 28 | K30: 0.9 | L30: 18.757712 | M30: 2.9199801 | N30: 48.506465 | O30: tc2 | Q30: 3 | R30: 0.8 | S30: -0.010851211 | T30: -0.10139542 | U30: 0.11105791 | V30: -0.054860981 | X30: =S31-S30 -> 0 | Y30: =T31-T30 -> 0.011908231 | Z30: =U31-U30 -> -0.013319098 | AA30: =V31-V30 -> 0.0070206291
B31: 29 | C31: 0.875 | D31: 18.813268 | E31: 1.5828372 | F31: 1.808 | G31: 50.971659 | H31: tc2 | J31: 29 | K31: 0.925 | L31: -0.0001983927 | M31: 7.9317681 | N31: 74.10707 | O31: th1 | Q31: 4 | R31: 0.825 | S31: -0.010851211 | T31: -0.089487187 | U31: 0.097738817 | V31: -0.047840352 | X31: =S32-S31 -> 1.4798926e-14 | Y31: =T32-T31 -> 0.011936044 | Z31: =U32-U31 -> -0.013350205 | AA31: =V32-V31 -> 0.0070370264
B32: 30 | C32: 0.875 | D32: -6.613009e-05 | E32: 3.1721384 | F32: 5.044 | G32: 85.617214 | H32: th1 - alt | J32: 30 | K32: 0.925 | L32: 37.0681 | M32: 4.6938571 | N32: 46.939854 | O32: th2 | Q32: 5 | R32: 0.85 | S32: -0.010851211 | T32: -0.077551144 | U32: 0.084388611 | V32: -0.040803325 | X32: =S33-S32 -> 0 | Y32: =T33-T32 -> 0.011964036 | Z32: =U33-U32 -> -0.013381515 | AA32: =V33-V32 -> 0.0070535298
B33: 31 | C33: 0.9 | D33: -3.9243597e-05 | E33: 3.8051207 | F33: 4.574 | G33: 88.960856 | H33: th1 | J33: 31 | K33: 0.925 | L33: -58.504628 | M33: 10.571441 | N33: 64.05587 | O33: tc1 | Q33: 6 | R33: 0.875 | S33: -0.010851211 | T33: -0.065587107 | U33: 0.071007097 | V33: -0.033749795 | X33: =S34-S33 -> -1.4798926e-14 | Y33: =T34-T33 -> 0.011991938 | Z33: =U34-U33 -> -0.013412723 | AA33: =V34-V33 -> 0.0070699798
B34: 32 | C34: 0.9 | D34: 37.136801 | E34: 1.5082815 | F34: 4.564 | G34: 57.560637 | H34: th2 | J34: 32 | K34: 0.925 | L34: 18.757231 | M34: 2.9199179 | N34: 44.25702 | O34: tc2 | Q34: 7 | R34: 0.9 | S34: -0.010851211 | T34: -0.053595169 | U34: 0.057594374 | V34: -0.026679816 | X34: =S35-S34 -> 0 | Y34: =T35-T34 -> 0.012020021 | Z34: =U35-U34 -> -0.013444132 | AA34: =V35-V34 -> 0.0070865362
B35: 33 | C35: 0.9 | D35: -56.764151 | E35: 2.4829887 | F35: 7.439 | G35: 91.782623 | H35: tc1 | J35: 33 | K35: 0.95 | L35: -0.00019832576 | M35: 7.7593146 | N35: 74.579128 | O35: th1 | Q35: 8 | R35: 0.925 | S35: -0.010851211 | T35: -0.041575148 | U35: 0.044150242 | V35: -0.019593279 | X35: =S36-S35 -> 1.4798926e-14 | Y35: =T36-T35 -> 0.012048285 | Z35: =U36-U35 -> -0.013475745 | AA35: =V36-V35 -> 0.0071031998
B36: 34 | C36: 0.9 | D36: 18.795305 | E36: 1.6734741 | F36: 1.803 | G36: 54.562229 | H36: tc2 | J36: 34 | K36: 0.95 | L36: 37.073365 | M36: 4.587177 | N36: 47.159744 | O36: th2 | Q36: 9 | R36: 0.95 | S36: -0.010851211 | T36: -0.029526863 | U36: 0.030674496 | V36: -0.01249008 | X36: =S37-S36 -> -1.4798926e-14 | Y36: =T37-T36 -> 0.012076459 | Z36: =U37-U36 -> -0.013507257 | AA36: =V37-V36 -> 0.0071198098
B37: 35 | C37: 0.9 | D37: -3.9241863e-05 | E37: 3.8051207 | F37: 4.574 | G37: 88.962486 | H37: th1 - alt | J37: 35 | K37: 0.95 | L37: -58.489074 | M37: 10.38502 | N37: 64.372895 | O37: tc1 | Q37: 10 | R37: 0.975 | S37: -0.010851211 | T37: -0.017450404 | U37: 0.01716724 | V37: -0.0053702698 | X37: =S38-S37 -> 1.4798926e-14 | Y37: =T38-T37 -> 0.012104814 | Z37: =U38-U37 -> -0.013538972 | AA37: =V38-V37 -> 0.0071365272
B38: 36 | C38: 0.925 | D38: -0.00019544779 | E38: 3.5688174 | F38: 4.308 | G38: 87.765714 | H38: th1 | J38: 36 | K38: 0.95 | L38: 18.772286 | M38: 2.8288748 | N38: 44.104193 | O38: tc2 | Q38: 11 | R38: 1 | S38: -0.010851211 | T38: -0.0053455894 | U38: 0.0036282676 | V38: 0.0017662574 | X38: =S39-S38 -> 0 | Y38: =T39-T38 -> 0.012133354 | Z38: =U39-U38 -> -0.013570892 | AA38: =V39-V38 -> 0.0071533527
B39: 37 | C39: 0.925 | D39: 37.135641 | E39: 1.5082526 | F39: 4.564 | G39: 54.763092 | H39: th2 | J39: 37 | K39: 0.975 | L39: -3.9890442e-05 | M39: 8.3688879 | N39: 73.921972 | O39: th1 | Q39: 12 | R39: 1.025 | S39: -0.010851211 | T39: 0.0067877641 | U39: -0.0099426247 | V39: 0.00891961 | X39: =S40-S39 -> 0 | Y39: =T40-T39 -> 0.012161802 | Z39: =U40-U39 -> -0.013602711 | AA39: =V40-V39 -> 0.0071701245
... B47: 45 | C47: 0.95 | D47: -0.00019545908 | E47: 3.5665503 | F47: 4.15 | G47: 87.491119 | H47: th1 - alt | J47: 45 | K47: 1.025 | L47: -0.00019838959 | M47: 7.9318741 | N47: 74.10712 | O47: th1 | Q47: 20 | R47: 1.225 | S47: -0.010851211 | T47: 0.10488928 | U47: -0.11966704 | V47: 0.066756441 | X47: =S48-S47 -> -1.4798926e-14 | Y47: =T48-T47 -> 0.012393569 | Z47: =U48-U47 -> -0.013861937 | AA47: =V48-V47 -> 0.0073067654
B48: 46 | C48: 0.975 | D48: -3.9244269e-05 | E48: 3.7781724 | F48: 4.445 | G48: 88.803683 | H48: th1 | J48: 46 | K48: 1.025 | L48: 37.068123 | M48: 4.6939059 | N48: 46.939653 | O48: th2 | Q48: 21 | R48: 1.25 | S48: -0.010851211 | T48: 0.11728285 | U48: -0.13352897 | V48: 0.074063207
B49: 47 | C49: 0.975 | D49: 37.286079 | E49: 0.32915143 | F49: 6.763 | G49: 56.239182 | H49: th2 | J49: 47 | K49: 1.025 | L49: -58.504672 | M49: 10.571605 | N49: 64.05589 | O49: tc1
B50: 48 | C50: 0.975 | D50: -56.857101 | E50: 2.9753041 | F50: 6.737 | G50: 91.912953 | H50: tc1 | J50: 48 | K50: 1.025 | L50: 18.757247 | M50: 2.9199464 | N50: 44.256843 | O50: tc2
B51: 49 | C51: 0.975 | D51: 18.813358 | E51: 1.5828713 | F51: 1.808 | G51: 54.745166 | H51: tc2 | J51: 49 | K51: 1.05 | L51: -3.9890684e-05 | M51: 8.3688889 | N51: 73.92137 | O51: th1
B52: 50 | C52: 0.975 | D52: -3.9241751e-05 | E52: 3.7781724 | F52: 4.445 | G52: 88.806057 | H52: th1 - alt | J52: 50 | K52: 1.05 | L52: 37.074541 | M52: 4.5872017 | N52: 50.470596 | O52: th2
B53: 51 | C53: 1 | D53: -0.00019545909 | E53: 3.5665502 | F53: 4.15 | G53: 87.491119 | H53: th1 | J53: 51 | K53: 1.05 | L53: -58.488095 | M53: 10.384908 | N53: 65.921817 | O53: tc1
B54: 52 | C54: 1 | D54: 37.284923 | E54: 0.329124 | F54: 6.763 | G54: 53.313457 | H54: th2 | J54: 52 | K54: 1.05 | L54: 18.77276 | M54: 2.8289041 | N54: 48.40758 | O54: tc2
B55: 53 | C55: 1 | D55: -56.858019 | E55: 2.9752999 | F55: 6.737 | G55: 91.545303 | H55: tc1 | J55: 53 | K55: 1.075 | L55: -0.00019832577 | M55: 7.7593148 | N55: 74.579127 | O55: th1
B56: 54 | C56: 1 | D56: 18.812881 | E56: 1.5828327 | F56: 1.808 | G56: 50.970216 | H56: tc2 | J56: 54 | K56: 1.075 | L56: 37.073365 | M56: 4.587177 | N56: 47.159745 | O56: th2
B57: 55 | C57: 1 | D57: -0.00019545909 | E57: 3.5665502 | F57: 4.15 | G57: 87.49112 | H57: th1 - alt | J57: 55 | K57: 1.075 | L57: -58.489074 | M57: 10.38502 | N57: 64.372895 | O57: tc1
B58: 56 | C58: 1.025 | D58: -0.00019544468 | E58: 3.5689055 | F58: 4.308 | G58: 87.76578 | H58: th1 | J58: 56 | K58: 1.075 | L58: 18.772286 | M58: 2.8288748 | N58: 44.104193 | O58: tc2
B59: 57 | C59: 1.025 | D59: 37.135667 | E59: 1.5083014 | F59: 4.564 | G59: 54.762881 | H59: th2 | J59: 57 | K59: 1.1 | L59: -6.7314301e-05 | M59: 8.3963874 | N59: 72.506942 | O59: th1
B60: 58 | C60: 1.025 | D60: -56.76508 | E60: 2.4830881 | F60: 7.439 | G60: 91.415625 | H60: tc1 | J60: 58 | K60: 1.1 | L60: 37.069121 | M60: 4.6939801 | N60: 46.940512 | O60: th2
... B86: 84 | C86: 1.15 | D86: 18.795305 | E86: 1.6734741 | F86: 1.803 | G86: 54.562229 | H86: tc2 | J86: 84 | K86: 1.25 | L86: 18.772286 | M86: 2.8288748 | N86: 44.104193 | O86: tc2
B87: 85 | C87: 1.15 | D87: -3.9241863e-05 | E87: 3.8051207 | F87: 4.574 | G87: 88.962486 | H87: th1 - alt
B88: 86 | C88: 1.175 | D88: -0.00019544779 | E88: 3.5688174 | F88: 4.308 | G88: 87.765714 | H88: th1
B89: 87 | C89: 1.175 | D89: 37.135641 | E89: 1.5082526 | F89: 4.564 | G89: 54.763092 | H89: th2
B90: 88 | C90: 1.175 | D90: -56.765069 | E90: 2.4829852 | F90: 7.439 | G90: 91.415486 | H90: tc1
B91: 89 | C91: 1.175 | D91: 18.794827 | E91: 1.6734334 | F91: 1.803 | G91: 50.812194 | H91: tc2
B92: 90 | C92: 1.175 | D92: -0.00019544779 | E92: 3.5688174 | F92: 4.308 | G92: 87.765714 | H92: th1 - alt
B93: 91 | C93: 1.2 | D93: -0.00019545909 | E93: 3.5665503 | F93: 4.15 | G93: 87.491117 | H93: th1
B94: 92 | C94: 1.2 | D94: 37.284923 | E94: 0.329124 | F94: 6.763 | G94: 53.313457 | H94: th2
B95: 93 | C95: 1.2 | D95: -56.858019 | E95: 2.9752999 | F95: 6.737 | G95: 91.545303 | H95: tc1
B96: 94 | C96: 1.2 | D96: 18.812881 | E96: 1.5828327 | F96: 1.808 | G96: 50.970216 | H96: tc2
B97: 95 | C97: 1.2 | D97: -0.00019545908 | E97: 3.5665503 | F97: 4.15 | G97: 87.491119 | H97: th1 - alt
B98: 96 | C98: 1.225 | D98: -3.9244269e-05 | E98: 3.7781724 | F98: 4.445 | G98: 88.803683 | H98: th1
... B107: 105 | C107: 1.25 | D107: -0.00019545909 | E107: 3.5665502 | F107: 4.15 | G107: 87.49112 | H107: th1 - alt

Sheet Variar Nominales h222
A1: uh222 | B1: Parameter Array (tiempo muerto) | J1: Sin Tiempo Muerto | Q1: error final vs setpoint (en % de sp)
B2: n | C2: Valor | D2: Kp | E2: Tp | F2: Td | G2: % | H2: Salida | J2: n | K2: Valor | L2: Kp | M2: Tp | N2: % | O2: Salida | Q2: n | R2: Valor | S2: th1 | T2: th2 | U2: tc1 | V2: tc2
B3: 1 | C3: 0.75 | D3: -0.00012636417 | E3: 3.2325003 | F3: 13.23 | G3: 87.534655 | H3: th1 | J3: 1 | K3: 0.75 | L3: -0.00013554797 | M3: 18.852914 | N3: 61.347378 | O3: th1 | Q3: 1 | R3: 0.75 | S3: -0.010851211 | T3: -0.18784202 | U3: 0.0036282196 | V3: 0.11830341 | X3: =S4-S3 -> 1.4798926e-14 | Y3: =T4-T3 -> 0.01795397 | Z3: =U4-U3 -> 0 | AA3: =V4-V3 -> -0.011464902
B4: 2 | C4: 0.75 | D4: 39.170145 | E4: 0.16133501 | F4: 8.739 | G4: 19.935073 | H4: th2 | J4: 2 | K4: 0.75 | L4: 39.998502 | M4: 4.051827 | N4: 12.347214 | O4: th2 | Q4: 2 | R4: 0.775 | S4: -0.010851211 | T4: -0.16988805 | U4: 0.0036282196 | V4: 0.10683851 | X4: =S5-S4 -> -1.4798926e-14 | Y4: =T5-T4 -> 0.018018753 | Z4: =U5-U4 -> 0 | AA4: =V5-V4 -> -0.01150627
B5: 3 | C5: 0.75 | D5: -0.00080944239 | E5: 2.946173 | F5: 14.048 | G5: 87.908032 | H5: tc1 | J5: 3 | K5: 0.75 | L5: -0.00087518281 | M5: 19.839957 | N5: 60.298096 | O5: tc1 | Q5: 3 | R5: 0.8 | S5: -0.010851211 | T5: -0.1518693 | U5: 0.0036282196 | V5: 0.095332242 | X5: =S6-S5 -> 1.4798926e-14 | Y5: =T6-T5 -> 0.018083878 | Z5: =U6-U5 -> 0 | AA5: =V6-V5 -> -0.011547858
B6: 4 | C6: 0.75 | D6: -19.343079 | E6: 0.18456509 | F6: 18.236 | G6: 60.768454 | H6: tc2 | J6: 4 | K6: 0.75 | L6: -20.899639 | M6: 19.056312 | N6: 56.39902 | O6: tc2 | Q6: 4 | R6: 0.825 | S6: -0.010851211 | T6: -0.13378542 | U6: 0.0036282196 | V6: 0.083784385 | X6: =S7-S6 -> -1.4798926e-14 | Y6: =T7-T6 -> 0.018149348 | Z6: =U7-U6 -> 0 | AA6: =V7-V6 -> -0.011589665
B7: 5 | C7: 0.75 | D7: -0.00012636417 | E7: 3.2325003 | F7: 13.23 | G7: 87.534655 | H7: th1 - alt | J7: 5 | K7: 0.775 | L7: -4.6165486e-05 | M7: 19.641732 | N7: 60.380539 | O7: th1 | Q7: 5 | R7: 0.85 | S7: -0.010851211 | T7: -0.11563607 | U7: 0.0036282196 | V7: 0.07219472 | X7: =S8-S7 -> 0 | Y7: =T8-T7 -> 0.018215165 | Z7: =U8-U7 -> 0 | AA7: =V8-V7 -> -0.011631694
B8: 6 | C8: 0.775 | D8: -4.2758023e-05 | E8: 2.8844934 | F8: 14.037 | G8: 87.437525 | H8: th1 | J8: 6 | K8: 0.775 | L8: 39.999079 | M8: 4.0518603 | N8: 12.347645 | O8: th2 | Q8: 6 | R8: 0.875 | S8: -0.010851211 | T8: -0.097420909 | U8: 0.0036282196 | V8: 0.060563027 | X8: =S9-S8 -> 1.4798926e-14 | Y8: =T9-T8 -> 0.018281331 | Z8: =U9-U8 -> 0 | AA8: =V9-V8 -> -0.011673946
B9: 7 | C9: 0.775 | D9: 39.171019 | E9: 0.15966233 | F9: 8.742 | G9: 19.935174 | H9: th2 | J9: 7 | K9: 0.775 | L9: -0.00036525392 | M9: 20.754478 | N9: 58.678896 | O9: tc1 | Q9: 7 | R9: 0.9 | S9: -0.010851211 | T9: -0.079139577 | U9: 0.0036282196 | V9: 0.048889081 | X9: =S10-S9 -> -1.4798926e-14 | Y9: =T10-T9 -> 0.01834785 | Z9: =U10-U9 -> 0 | AA9: =V10-V9 -> -0.011716422
B10: 8 | C10: 0.775 | D10: -0.00033497365 | E10: 2.3904763 | F10: 15.015 | G10: 88.170249 | H10: tc1 | J10: 8 | K10: 0.775 | L10: -20.899356 | M10: 19.05632 | N10: 56.39897 | O10: tc2 | Q10: 8 | R10: 0.925 | S10: -0.010851211 | T10: -0.060791728 | U10: 0.0036282196 | V10: 0.037172659 | X10: =S11-S10 -> 0 | Y10: =T11-T10 -> 0.018414722 | Z10: =U11-U10 -> 0 | AA10: =V11-V10 -> -0.011759125
B11: 9 | C11: 0.775 | D11: -19.342816 | E11: 0.18496197 | F11: 18.234 | G11: 60.768495 | H11: tc2 | J11: 9 | K11: 0.8 | L11: -2.740195e-05 | M11: 19.906673 | N11: 61.031553 | O11: th1 | Q11: 9 | R11: 0.95 | S11: -0.010851211 | T11: -0.042377006 | U11: 0.0036282196 | V11: 0.025413534 | X11: =S12-S11 -> 0 | Y11: =T12-T11 -> 0.018481951 | Z11: =U12-U11 -> 0 | AA11: =V12-V11 -> -0.011802056
B12: 10 | C12: 0.775 | D12: -4.2758023e-05 | E12: 2.8844934 | F12: 14.037 | G12: 87.437525 | H12: th1 - alt | J12: 10 | K12: 0.8 | L12: 39.999181 | M12: 4.0518662 | N12: 14.01977 | O12: th2 | Q12: 10 | R12: 0.975 | S12: -0.010851211 | T12: -0.023895054 | U12: 0.0036282196 | V12: 0.013611478 | X12: =S13-S12 -> 1.4798926e-14 | Y12: =T13-T12 -> 0.01854954 | Z12: =U13-U12 -> 0 | AA12: =V13-V12 -> -0.011845216
B13: 11 | C13: 0.8 | D13: -2.5421932e-05 | E13: 4.0869364 | F13: 12.776 | G13: 89.087015 | H13: th1 | J13: 11 | K13: 0.8 | L13: -0.00023444879 | M13: 21.194425 | N13: 58.944896 | O13: tc1 | Q13: 11 | R13: 1 | S13: -0.010851211 | T13: -0.0053455147 | U13: 0.0036282196 | V13: 0.0017662624 | X13: =S14-S13 -> -1.4798926e-14 | Y13: =T14-T13 -> 0.01861749 | Z13: =U14-U13 -> 0 | AA13: =V14-V13 -> -0.011888607
B14: 12 | C14: 0.8 | D14: 39.171091 | E14: 0.15928159 | F14: 8.743 | G14: 21.461405 | H14: th2 | J14: 12 | K14: 0.8 | L14: -20.899295 | M14: 19.056317 | N14: 57.480675 | O14: tc2 | Q14: 12 | R14: 1.025 | S14: -0.010851211 | T14: 0.013271975 | U14: 0.0036282196 | V14: -0.010122344 | X14: =S15-S14 -> 1.4798926e-14 | Y14: =T15-T14 -> 0.018685712 | Z14: =U15-U14 -> 0 | AA14: =V15-V14 -> -0.011932172
... B22: 20 | C22: 0.825 | D22: -4.2758023e-05 | E22: 2.8844932 | F22: 14.037 | G22: 87.437528 | H22: th1 - alt | J22: 20 | K22: 0.85 | L22: -20.899642 | M22: 19.056333 | N22: 56.399024 | O22: tc2 | Q22: 20 | R22: 1.225 | S22: -0.010851211 | T22: 0.16470223 | U22: 0.0036282196 | V22: -0.10682146 | X22: =S23-S22 -> 0 | Y22: =T23-T22 -> 0.019245733 | Z22: =U23-U22 -> -2.0300168e-14 | AA22: =V23-V22 -> -0.012289785
B23: 21 | C23: 0.85 | D23: -0.00012636558 | E23: 3.2325125 | F23: 13.23 | G23: 87.53466 | H23: th1 | J23: 21 | K23: 0.875 | L23: -2.740195e-05 | M23: 19.906672 | N23: 61.031555 | O23: th1 | Q23: 21 | R23: 1.25 | S23: -0.010851211 | T23: 0.18394796 | U23: 0.0036282196 | V23: -0.11911124
B24: 22 | C24: 0.85 | D24: 39.170284 | E24: 0.15858482 | F24: 8.743 | G24: 19.936829 | H24: th2 | J24: 22 | K24: 0.875 | L24: 39.999181 | M24: 4.0518662 | N24: 14.01977 | O24: th2
B25: 23 | C25: 0.85 | D25: -0.00080943842 | E25: 2.9461864 | F25: 14.048 | G25: 87.908107 | H25: tc1 | J25: 23 | K25: 0.875 | L25: -0.00023444878 | M25: 21.194424 | N25: 58.944897 | O25: tc1
B26: 24 | C26: 0.85 | D26: -19.343079 | E26: 0.18446066 | F26: 18.236 | G26: 60.768593 | H26: tc2 | J26: 24 | K26: 0.875 | L26: -20.899295 | M26: 19.056317 | N26: 57.480675 | O26: tc2
B27: 25 | C27: 0.85 | D27: -0.00012636558 | E27: 3.2325125 | F27: 13.23 | G27: 87.53466 | H27: th1 - alt | J27: 25 | K27: 0.9 | L27: -0.0001355495 | M27: 18.852935 | N27: 61.347386 | O27: th1
B28: 26 | C28: 0.875 | D28: -2.5421932e-05 | E28: 4.0869362 | F28: 12.776 | G28: 89.087012 | H28: th1 | J28: 26 | K28: 0.9 | L28: 39.998509 | M28: 4.051829 | N28: 12.347211 | O28: th2
B29: 27 | C29: 0.875 | D29: 39.171076 | E29: 0.15888776 | F29: 8.744 | G29: 21.460267 | H29: th2 | J29: 27 | K29: 0.9 | L29: -0.00087517879 | M29: 19.840005 | N29: 60.298066 | O29: tc1
B30: 28 | C30: 0.875 | D30: -0.00021427204 | E30: 2.3903124 | F30: 15.124 | G30: 89.860937 | H30: tc1 | J30: 28 | K30: 0.9 | L30: -20.899642 | M30: 19.056333 | N30: 56.399024 | O30: tc2
B31: 29 | C31: 0.875 | D31: -19.34276 | E31: 0.18509571 | F31: 18.234 | G31: 61.741787 | H31: tc2 | J31: 29 | K31: 0.925 | L31: -0.0001355495 | M31: 18.852934 | N31: 61.347386 | O31: th1
B32: 30 | C32: 0.875 | D32: -2.5420506e-05 | E32: 4.0869362 | F32: 12.776 | G32: 89.089369 | H32: th1 - alt | J32: 30 | K32: 0.925 | L32: 39.998509 | M32: 4.051829 | N32: 12.347211 | O32: th2
B33: 31 | C33: 0.9 | D33: -0.00012636558 | E33: 3.2325125 | F33: 13.23 | G33: 87.53466 | H33: th1 | J33: 31 | K33: 0.925 | L33: -0.0008751788 | M33: 19.840005 | N33: 60.298066 | O33: tc1
B34: 32 | C34: 0.9 | D34: 39.170279 | E34: 0.15845955 | F34: 8.744 | G34: 19.934267 | H34: th2 | J34: 32 | K34: 0.925 | L34: -20.899642 | M34: 19.056333 | N34: 56.399024 | O34: tc2
B35: 33 | C35: 0.9 | D35: -0.00080943842 | E35: 2.9461863 | F35: 14.048 | G35: 87.908107 | H35: tc1 | J35: 33 | K35: 0.95 | L35: -2.740195e-05 | M35: 19.906673 | N35: 61.031554 | O35: th1
... B86: 84 | C86: 1.15 | D86: -19.342816 | E86: 0.18496197 | F86: 18.234 | G86: 60.768495 | H86: tc2 | J86: 84 | K86: 1.25 | L86: -20.899642 | M86: 19.056333 | N86: 56.399024 | O86: tc2
B87: 85 | C87: 1.15 | D87: -4.2758023e-05 | E87: 2.8844931 | F87: 14.037 | G87: 87.437526 | H87: th1 - alt
B88: 86 | C88: 1.175 | D88: -0.00012636558 | E88: 3.2325124 | F88: 13.23 | G88: 87.53466 | H88: th1
B89: 87 | C89: 1.175 | D89: 39.170295 | E89: 0.15890416 | F89: 8.743 | G89: 19.93515 | H89: th2
B90: 88 | C90: 1.175 | D90: -0.00080943842 | E90: 2.9461864 | F90: 14.048 | G90: 87.908107 | H90: tc1
B91: 89 | C91: 1.175 | D91: -19.343079 | E91: 0.18446066 | F91: 18.236 | G91: 60.768593 | H91: tc2
B92: 90 | C92: 1.175 | D92: -0.00012636558 | E92: 3.2325124 | F92: 13.23 | G92: 87.53466 | H92: th1 - alt
B93: 91 | C93: 1.2 | D93: -2.5422135e-05 | E93: 4.0869381 | F93: 12.776 | G93: 89.086681 | H93: th1
B94: 92 | C94: 1.2 | D94: 39.171078 | E94: 0.15896795 | F94: 8.743 | G94: 21.463024 | H94: th2
B95: 93 | C95: 1.2 | D95: -0.00021427647 | E95: 2.3903113 | F95: 15.124 | G95: 89.86054 | H95: tc1
B96: 94 | C96: 1.2 | D96: -19.34276 | E96: 0.18509963 | F96: 18.234 | G96: 61.741778 | H96: tc2
B97: 95 | C97: 1.2 | D97: -2.5420503e-05 | E97: 4.0869381 | F97: 12.776 | G97: 89.089377 | H97: th1 - alt
B98: 96 | C98: 1.225 | D98: -0.00012636558 | E98: 3.2325125 | F98: 13.23 | G98: 87.53466 | H98: th1
... B107: 105 | C107: 1.25 | D107: -0.00012636558 | E107: 3.2325125 | F107: 13.23 | G107: 87.53466 | H107: th1 - alt

Sheet Variar Nominales c112
A1: uc112 | B1: Parameter Array (tiempo muerto) | J1: Sin Tiempo Muerto | Q1: error final vs setpoint (en % de sp)
B2: n | C2: Valor | D2: Kp | E2: Tp | F2: Td | G2: % | H2: Salida | J2: n | K2: Valor | L2: Kp | M2: Tp | N2: % | O2: Salida | Q2: n | R2: Valor | S2: th1 | T2: th2 | U2: tc1 | V2: tc2
B3: 1 | C3: 0.0025 | D3: 30.637294 | E3: 1.6338775 | F3: 3.359 | G3: 88.29078 | H3: th1 | J3: 1 | K3: 0.0025 | L3: 30.975137 | M3: 4.9560417 | N3: 74.580741 | O3: th1 | Q3: 1 | R3: 0.0025 | S3: 0.0090221837 | T3: -0.0082229777 | U3: 1.5084494e-05 | V3: 6.9861312e-05 | X3: =S4-S3 -> 0.019979332 | Y3: =T4-T3 -> -0.0028927697 | Z3: =U4-U3 -> -0.0036323954 | AA3: =V4-V3 -> -0.0017054643
B4: 2 | C4: 0.0025 | D4: -4.8148381 | E4: 0.25078005 | F4: 2.785 | G4: 54.254812 | H4: th2 | J4: 2 | K4: 0.0025 | L4: -4.7907168 | M4: 2.0139752 | N4: 45.314896 | O4: th2 | Q4: 2 | R4: 0.005 | S4: 0.029001516 | T4: -0.011115747 | U4: -0.0036173109 | V4: -0.001635603 | X4: =S5-S4 -> 0.020086099 | Y4: =T5-T4 -> -0.0029082282 | Z4: =U5-U4 -> -0.0036518063 | AA4: =V5-V4 -> -0.0017145781
B5: 3 | C5: 0.0025 | D5: -8.412602 | E5: 0.12566936 | F5: 2.949 | G5: 37.84275 | H5: tc1 | J5: 3 | K5: 0.0025 | L5: -8.5018527 | M5: 1.5446327 | N5: 34.047289 | O5: tc1 | Q5: 3 | R5: 0.0075 | S5: 0.049087614 | T5: -0.014023976 | U5: -0.0072691172 | V5: -0.0033501811 | X5: =S6-S5 -> 0.020193702 | Y5: =T6-T5 -> -0.0029238079 | Z5: =U6-U5 -> -0.0036713695 | AA5: =V6-V5 -> -0.0017237633
B6: 4 | C6: 0.0025 | D6: -2.4221894 | E6: 0.34391073 | F6: 1.816 | G6: 51.024999 | H6: tc2 | J6: 4 | K6: 0.0025 | L6: -2.4124397 | M6: 1.5522605 | N6: 42.759389 | O6: tc2 | Q6: 4 | R6: 0.01 | S6: 0.069281317 | T6: -0.016947784 | U6: -0.010940487 | V6: -0.0050739444 | X6: =S7-S6 -> 0.020302152 | Y6: =T7-T6 -> -0.0029395102 | Z6: =U7-U6 -> -0.0036910865 | AA6: =V7-V6 -> -0.0017330207
B7: 5 | C7: 0.0025 | D7: 30.637294 | E7: 1.6338775 | F7: 3.359 | G7: 88.29078 | H7: th1 - alt | J7: 5 | K7: 0.005 | L7: 30.947173 | M7: 4.6452807 | N7: 74.179491 | O7: th1 | Q7: 5 | R7: 0.0125 | S7: 0.089583469 | T7: -0.019887294 | U7: -0.014631573 | V7: -0.0068069651 | X7: =S8-S7 -> 0.020411457 | Y7: =T8-T7 -> -0.0029553362 | Z7: =U8-U7 -> -0.0037109589 | AA7: =V8-V7 -> -0.0017423511
B8: 6 | C8: 0.005 | D8: 30.592933 | E8: 1.1817349 | F8: 3.467 | G8: 89.997315 | H8: th1 | J8: 6 | K8: 0.005 | L8: -4.7954771 | M8: 1.9442694 | N8: 43.360265 | O8: th2 | Q8: 6 | R8: 0.015 | S8: 0.10999493 | T8: -0.02284263 | U8: -0.018342532 | V8: -0.0085493162 | X8: =S9-S8 -> 0.020521625 | Y8: =T9-T8 -> -0.0029712872 | Z8: =U9-U8 -> -0.0037309883 | AA8: =V9-V8 -> -0.0017517552
B9: 7 | C9: 0.005 | D9: -4.8240778 | E9: 0.20984791 | F9: 2.817 | G9: 52.322784 | H9: th2 | J9: 7 | K9: 0.005 | L9: -8.4679332 | M9: 1.5700344 | N9: 36.052204 | O9: tc1 | Q9: 7 | R9: 0.0175 | S9: 0.13051655 | T9: -0.025813917 | U9: -0.022073521 | V9: -0.010301071 | X9: =S10-S9 -> 0.020632665 | Y9: =T10-T9 -> -0.0029873645 | Z9: =U10-U9 -> -0.0037511763 | AA9: =V10-V9 -> -0.0017612338
B10: 8 | C10: 0.005 | D10: -8.0049851 | E10: 0.12515221 | F10: 2.922 | G10: 38.350333 | H10: tc1 | J10: 8 | K10: 0.005 | L10: -2.4102266 | M10: 1.5408352 | N10: 42.717646 | O10: tc2 | Q10: 8 | R10: 0.02 | S10: 0.15114922 | T10: -0.028801282 | U10: -0.025824697 | V10: -0.012062305 | X10: =S11-S10 -> 0.020744587 | Y10: =T11-T10 -> -0.0030035695 | Z10: =U11-U10 -> -0.0037715245 | AA10: =V11-V10 -> -0.0017707876
B11: 9 | C11: 0.005 | D11: -2.4202428 | E11: 0.33094967 | F11: 1.823 | G11: 51.099801 | H11: tc2 | J11: 9 | K11: 0.0075 | L11: 30.947173 | M11: 4.6452807 | N11: 74.179491 | O11: th1 | Q11: 9 | R11: 0.0225 | S11: 0.1718938 | T11: -0.031804851 | U11: -0.029596221 | V11: -0.013833093 | X11: =S12-S11 -> 0.020857399 | Y11: =T12-T11 -> -0.0030199033 | Z11: =U12-U11 -> -0.0037920347 | AA11: =V12-V11 -> -0.0017804174
B12: 10 | C12: 0.005 | D12: 30.592933 | E12: 1.1817349 | F12: 3.467 | G12: 89.997315 | H12: th1 - alt | J12: 10 | K12: 0.0075 | L12: -4.7954771 | M12: 1.9442694 | N12: 43.360265 | O12: th2 | Q12: 10 | R12: 0.025 | S12: 0.1927512 | T12: -0.034824754 | U12: -0.033388256 | V12: -0.01561351 | X12: =S13-S12 -> 0.020971111 | Y12: =T13-T12 -> -0.0030363675 | Z12: =U13-U12 -> -0.0038127084 | AA12: =V13-V12 -> -0.001790124
B13: 11 | C13: 0.0075 | D13: 30.592933 | E13: 1.1817349 | F13: 3.467 | G13: 89.997315 | H13: th1 | J13: 11 | K13: 0.0075 | L13: -8.4679332 | M13: 1.5700344 | N13: 36.052204 | O13: tc1 | Q13: 11 | R13: 0.0275 | S13: 0.21372231 | T13: -0.037861122 | U13: -0.037200964 | V13: -0.017403634 | X13: =S14-S13 -> 0.021085732 | Y13: =T14-T13 -> -0.0030529632 | Z13: =U14-U13 -> -0.0038335473 | AA13: =V14-V13 -> -0.0017999082
B14: 12 | C14: 0.0075 | D14: -4.8240778 | E14: 0.20984791 | F14: 2.817 | G14: 52.322784 | H14: th2 | J14: 12 | K14: 0.0075 | L14: -2.4102266 | M14: 1.5408352 | N14: 42.717646 | O14: tc2 | Q14: 12 | R14: 0.03 | S14: 0.23480804 | T14: -0.040914085 | U14: -0.041034512 | V14: -0.019203542 | X14: =S15-S14 -> 0.021201272 | Y14: =T15-T14 -> -0.003069692 | Z14: =U15-U14 -> -0.0038545533 | AA14: =V15-V14 -> -0.0018097708
... B31: 29 | C31: 0.015 | D31: -2.4197905 | E31: 0.33080946 | F31: 1.823 | G31: 46.41751 | H31: tc2 | J31: 29 | K31: 0.02 | L31: 30.975964 | M31: 4.9559868 | N31: 72.405418 | O31: th1 | Q31: 29 | R31: 0.0725 | S31: 0.61173131 | T31: -0.095488092 | U31: -0.10956204 | V31: -0.051378251 | X31: =S32-S31 -> 0.02331579 | Y31: =T32-T31 -> -0.0033758491 | Z31: =U32-U31 -> -0.004238989 | AA31: =V32-V31 -> -0.0019902692
B32: 30 | C32: 0.015 | D32: 30.593075 | E32: 1.1817342 | F32: 3.467 | G32: 89.111273 | H32: th1 - alt | J32: 30 | K32: 0.02 | L32: -4.7845208 | M32: 2.0129384 | N32: 40.33403 | O32: th2 | Q32: 30 | R32: 0.075 | S32: 0.6350471 | T32: -0.098863941 | U32: -0.11380103 | V32: -0.05336852
B33: 31 | C33: 0.0175 | D33: 30.592933 | E33: 1.1817349 | F33: 3.467 | G33: 89.997315 | H33: th1 | J33: 31 | K33: 0.02 | L33: -8.4970545 | M33: 1.5442727 | N33: 28.948357 | O33: tc1
B34: 32 | C34: 0.0175 | D34: -4.8240778 | E34: 0.20984791 | F34: 2.817 | G34: 52.322784 | H34: th2 | J34: 32 | K34: 0.02 | L34: -2.4098565 | M34: 1.5514526 | N34: 37.254156 | O34: tc2
B35: 33 | C35: 0.0175 | D35: -8.0049852 | E35: 0.12515221 | F35: 2.922 | G35: 38.350333 | H35: tc1 | J35: 33 | K35: 0.0225 | L35: 30.97528 | M35: 4.9560347 | N35: 72.405034 | O35: th1
B36: 34 | C36: 0.0175 | D36: -2.4202428 | E36: 0.33094967 | F36: 1.823 | G36: 51.099801 | H36: tc2 | J36: 34 | K36: 0.0225 | L36: -4.7897654 | M36: 2.0137934 | N36: 40.371584 | O36: th2
B37: 35 | C37: 0.0175 | D37: 30.592933 | E37: 1.1817349 | F37: 3.467 | G37: 89.997315 | H37: th1 - alt | J37: 35 | K37: 0.0225 | L37: -8.5008787 | M37: 1.5445567 | N37: 28.964646 | O37: tc1
B38: 36 | C38: 0.02 | D38: 30.638119 | E38: 1.6338721 | F38: 3.359 | G38: 87.288034 | H38: th1 | J38: 36 | K38: 0.0225 | L38: -2.4119874 | M38: 1.5521166 | N38: 37.288548 | O38: tc2
B39: 37 | C39: 0.02 | D39: -4.8086595 | E39: 0.24935355 | F39: 2.786 | G39: 50.072476 | H39: th2 | J39: 37 | K39: 0.025 | L39: 30.947316 | M39: 4.6452745 | N39: 71.892587 | O39: th1
B40: 38 | C40: 0.02 | D40: -8.5329252 | E40: 0.11295928 | F40: 2.807 | G40: 37.007149 | H40: tc1 | J40: 38 | K40: 0.025 | L40: -4.7945249 | M40: 1.9440997 | N40: 38.368203 | O40: th2
B41: 39 | C41: 0.02 | D41: -2.4196111 | E41: 0.34314682 | F41: 1.816 | G41: 46.299427 | H41: tc2 | J41: 39 | K41: 0.025 | L41: -8.4669569 | M41: 1.569958 | N41: 30.885577 | O41: tc1
B42: 40 | C42: 0.02 | D42: 30.638119 | E42: 1.6338721 | F42: 3.359 | G42: 87.288034 | H42: th1 - alt | J42: 40 | K42: 0.025 | L42: -2.4097735 | M42: 1.5406956 | N42: 37.235831 | O42: tc2
B43: 41 | C43: 0.0225 | D43: 30.637437 | E43: 1.633877 | F43: 3.359 | G43: 87.288459 | H43: th1 | J43: 41 | K43: 0.0275 | L43: 30.975137 | M43: 4.9560417 | N43: 74.580741 | O43: th1
B44: 42 | C44: 0.0225 | D44: -4.8138894 | E44: 0.25052742 | F44: 2.785 | G44: 50.116935 | H44: th2 | J44: 42 | K44: 0.0275 | L44: -4.7907168 | M44: 2.0139752 | N44: 45.314896 | O44: th2
... B122: 120 | C122: 0.06 | D122: 30.593757 | E122: 1.1817252 | F122: 3.467 | G122: 89.110689 | H122: th1 - alt | J122: 120 | K122: 0.075 | L122: -2.4076392 | M122: 1.5400502 | N122: 37.202959 | O122: tc2
B123: 121 | C123: 0.0625 | D123: 30.592933 | E123: 1.1817349 | F123: 3.467 | G123: 89.997315 | H123: th1
B124: 122 | C124: 0.0625 | D124: -4.8240778 | E124: 0.20984791 | F124: 2.817 | G124: 52.322784 | H124: th2
B125: 123 | C125: 0.0625 | D125: -8.0049852 | E125: 0.12515221 | F125: 2.922 | G125: 38.350333 | H125: tc1
B126: 124 | C126: 0.0625 | D126: -2.4202428 | E126: 0.33094967 | F126: 1.823 | G126: 51.099801 | H126: tc2
B127: 125 | C127: 0.0625 | D127: 30.592933 | E127: 1.1817349 | F127: 3.467 | G127: 89.997315 | H127: th1 - alt
B128: 126 | C128: 0.065 | D128: 30.638119 | E128: 1.6338721 | F128: 3.359 | G128: 87.288034 | H128: th1
B129: 127 | C129: 0.065 | D129: -4.8086595 | E129: 0.24935355 | F129: 2.786 | G129: 50.072476 | H129: th2
B130: 128 | C130: 0.065 | D130: -8.5329252 | E130: 0.11295928 | F130: 2.807 | G130: 37.007149 | H130: tc1
B131: 129 | C131: 0.065 | D131: -2.4196111 | E131: 0.34314682 | F131: 1.816 | G131: 46.299427 | H131: tc2
B132: 130 | C132: 0.065 | D132: 30.638119 | E132: 1.6338721 | F132: 3.359 | G132: 87.288034 | H132: th1 - alt
B133: 131 | C133: 0.0675 | D133: 30.637437 | E133: 1.633877 | F133: 3.359 | G133: 87.288459 | H133: th1
B134: 132 | C134: 0.0675 | D134: -4.8138894 | E134: 0.25052742 | F134: 2.785 | G134: 50.116935 | H134: th2
... B152: 150 | C152: 0.075 | D152: 30.593757 | E152: 1.1817252 | F152: 3.467 | G152: 89.110689 | H152: th1 - alt
B155: Parameter Array (tiempo muerto)
B156: n | C156: Valor | D156: Kp | E156: Tp | F156: Td | G156: % | H156: Salida
B157: 1 | C157: 0.0025 | D157: 30.638119 | E157: 1.6338721 | F157: 3.359 | G157: 87.288034 | H157: th1
B158: 2 | C158: 0.0025 | D158: -4.8086599 | E158: 0.24935368 | F158: 2.786 | G158: 50.072479 | H158: th2
B159: 3 | C159: 0.0025 | D159: -8.5329501 | E159: 0.11321287 | F159: 2.807 | G159: 37.006667 | H159: tc1
B160: 4 | C160: 0.0025 | D160: -2.4196112 | E160: 0.34314687 | F160: 1.816 | G160: 46.299429 | H160: tc2
B161: 5 | C161: 0.0025 | D161: -8.5329501 | E161: 0.11321287 | F161: 2.807 | G161: 37.006667 | H161: th1 - alt
B162: 6 | C162: 0.005 | D162: 30.676977 | E162: 1.2426213 | F162: 4.488 | G162: 89.045667 | H162: th1
B163: 7 | C163: 0.005 | D163: -4.8368142 | E163: 0.32058149 | F163: 3.695 | G163: 51.993489 | H163: th2
B164: 8 | C164: 0.005 | D164: -8.4003989 | E164: 0.12743205 | F164: 3.66 | G164: 42.034628 | H164: tc1
B165: 9 | C165: 0.005 | D165: -2.427813 | E165: 0.7323256 | F165: 1.801 | G165: 51.038277 | H165: tc2
B166: 10 | C166: 0.005 | D166: -8.4003988 | E166: 0.12743611 | F166: 3.66 | G166: 42.034622 | H166: th1 - alt
B167: 11 | C167: 0.0075 | D167: 30.826091 | E167: 2.0832602 | F167: 3.7 | G167: 93.418279 | H167: th1
B168: 12 | C168: 0.0075 | D168: -4.7782374 | E168: 0.16568894 | F168: 4.731 | G168: 44.189019 | H168: th2
... B306: 150 | C306: 0.075 | D306: -9.7317627 | E306: 0.1253784 | F306: 10.868 | G306: 32.149132 | H306: th1 - alt

Sheet Variar Nominales c211
A1: uc211 | B1: Parameter Array (tiempo muerto) | J1: Sin Tiempo Muerto | Q1: error final vs setpoint (en % de sp)
B2: n | C2: Valor | D2: Kp | E2: Tp | F2: Td | G2: % | H2: Salida | J2: n | K2: Valor | L2: Kp | M2: Tp | N2: % | O2: Salida | Q2: n | R2: Valor | S2: th1 | T2: th2 | U2: tc1 | V2: tc2
B3: 1 | C3: 0.0025 | D3: 0.00020682491 | E3: 0.72707464 | F3: 1.2 | G3: 99.228055 | H3: th1 | J3: 1 | K3: 0.0025 | L3: 0.00020777617 | M3: 2.028662 | N3: 77.373981 | O3: th1 | Q3: 1 | R3: 0.0025 | X3: =S4-S3 -> 0 | Y3: =T4-T3 -> 0 | Z3: =U4-U3 -> 0 | AA3: =V4-V3 -> 0
B4: 2 | C4: 0.0025 | D4: 18.290614 | E4: 1.6408873 | F4: 1.517 | G4: 94.368802 | H4: th2 | J4: 2 | K4: 0.0025 | L4: 18.418727 | M4: 3.3130874 | N4: 81.066276 | O4: th2 | Q4: 2 | R4: 0.005 | X4: =S5-S4 -> 0 | Y4: =T5-T4 -> 0 | Z4: =U5-U4 -> 0 | AA4: =V5-V4 -> 0
B5: 3 | C5: 0.0025 | D5: -30.865201 | E5: 0.0033225924 | F5: 0 | G5: -10.248104 | H5: tc1 | J5: 3 | K5: 0.0025 | L5: -30.865201 | M5: 2.1486935e-08 | N5: -10.248104 | O5: tc1 | Q5: 3 | R5: 0.0075 | X5: =S6-S5 -> 0 | Y5: =T6-T5 -> 0 | Z5: =U6-U5 -> 0 | AA5: =V6-V5 -> 0
B6: 4 | C6: 0.0025 | D6: 9.165783 | E6: 1.3474484 | F6: 1.504 | G6: 95.629947 | H6: tc2 | J6: 4 | K6: 0.0025 | L6: 9.2261275 | M6: 2.9871883 | N6: 80.503603 | O6: tc2 | Q6: 4 | R6: 0.01 | X6: =S7-S6 -> 0 | Y6: =T7-T6 -> 0 | Z6: =U7-U6 -> 0 | AA6: =V7-V6 -> 0
B7: 5 | C7: 0.0025 | D7: 0.00020681177 | E7: 0.72707464 | F7: 1.2 | G7: 99.228061 | H7: th1 - alt | J7: 5 | K7: 0.005 | L7: 0.0010358575 | M7: 1.9346672 | N7: 73.089869 | O7: th1 | Q7: 5 | R7: 0.0125 | X7: =S8-S7 -> 0 | Y7: =T8-T7 -> 0 | Z7: =U8-U7 -> 0 | AA7: =V8-V7 -> 0
B8: 6 | C8: 0.005 | D8: 0.0010312579 | E8: 0.65513652 | F8: 1.165 | G8: 99.441987 | H8: th1 | J8: 6 | K8: 0.005 | L8: 18.424979 | M8: 3.3126454 | N8: 78.873261 | O8: th2 | Q8: 6 | R8: 0.015 | X8: =S9-S8 -> 0 | Y8: =T9-T8 -> 0 | Z8: =U9-U8 -> 0 | AA8: =V9-V8 -> 0
B9: 7 | C9: 0.005 | D9: 18.296844 | E9: 1.6407113 | F9: 1.517 | G9: 93.71739 | H9: th2 | J9: 7 | K9: 0.005 | L9: -30.860447 | M9: 2.1478354e-08 | N9: -12.317391 | O9: tc1 | Q9: 7 | R9: 0.0175 | X9: =S10-S9 -> 0 | Y9: =T10-T9 -> 0 | Z9: =U10-U9 -> 0 | AA9: =V10-V9 -> 0
B10: 8 | C10: 0.005 | D10: -30.860447 | E10: 2.0666478e-05 | F10: 0 | G10: -12.317391 | H10: tc1 | J10: 8 | K10: 0.005 | L10: 9.2287494 | M10: 2.9868873 | N10: 78.137955 | O10: tc2 | Q10: 8 | R10: 0.02 | X10: =S11-S10 -> 0 | Y10: =T11-T10 -> 0 | Z10: =U11-U10 -> 0 | AA10: =V11-V10 -> 0
B11: 9 | C11: 0.005 | D11: 9.1683955 | E11: 1.3473327 | F11: 1.504 | G11: 95.100537 | H11: tc2 | J11: 9 | K11: 0.0075 | L11: 0.0010358575 | M11: 1.9346673 | N11: 73.089867 | O11: th1 | Q11: 9 | R11: 0.0225 | X11: =S12-S11 -> 0 | Y11: =T12-T11 -> 0 | Z11: =U12-U11 -> 0 | AA11: =V12-V11 -> 0
B12: 10 | C12: 0.005 | D12: 0.0010312579 | E12: 0.65513652 | F12: 1.165 | G12: 99.441987 | H12: th1 - alt | J12: 10 | K12: 0.0075 | L12: 18.424979 | M12: 3.3126454 | N12: 78.873261 | O12: th2 | Q12: 10 | R12: 0.025 | X12: =S13-S12 -> 0 | Y12: =T13-T12 -> 0 | Z12: =U13-U12 -> 0 | AA12: =V13-V12 -> 0
B13: 11 | C13: 0.0075 | D13: 0.0010312579 | E13: 0.65513655 | F13: 1.165 | G13: 99.441987 | H13: th1 | J13: 11 | K13: 0.0075 | L13: -30.860447 | M13: 2.1478354e-08 | N13: -12.317391 | O13: tc1 | Q13: 11 | R13: 0.0275 | X13: =S14-S13 -> 0 | Y13: =T14-T13 -> 0 | Z13: =U14-U13 -> 0 | AA13: =V14-V13 -> 0
B14: 12 | C14: 0.0075 | D14: 18.296844 | E14: 1.6407113 | F14: 1.517 | G14: 93.71739 | H14: th2 | J14: 12 | K14: 0.0075 | L14: 9.2287494 | M14: 2.9868873 | N14: 78.137955 | O14: tc2 | Q14: 12 | R14: 0.03 | X14: =S15-S14 -> 0 | Y14: =T15-T14 -> 0 | Z14: =U15-U14 -> 0 | AA14: =V15-V14 -> 0
... B31: 29 | C31: 0.015 | D31: 9.1683955 | E31: 1.3473327 | F31: 1.504 | G31: 95.100537 | H31: tc2 | J31: 29 | K31: 0.02 | L31: 0.0010358575 | M31: 1.9346672 | N31: 73.089869 | O31: th1 | Q31: 29 | R31: 0.0725 | X31: =S32-S31 -> 0 | Y31: =T32-T31 -> 0 | Z31: =U32-U31 -> 0 | AA31: =V32-V31 -> 0
B32: 30 | C32: 0.015 | D32: 0.0010312579 | E32: 0.65513653 | F32: 1.165 | G32: 99.441986 | H32: th1 - alt | J32: 30 | K32: 0.02 | L32: 18.424979 | M32: 3.3126454 | N32: 78.873261 | O32: th2 | Q32: 30 | R32: 0.075
B33: 31 | C33: 0.0175 | D33: 0.0010312579 | E33: 0.65513655 | F33: 1.165 | G33: 99.441987 | H33: th1 | J33: 31 | K33: 0.02 | L33: -30.860447 | M33: 2.1478354e-08 | N33: -12.317391 | O33: tc1
B34: 32 | C34: 0.0175 | D34: 18.296844 | E34: 1.6407113 | F34: 1.517 | G34: 93.71739 | H34: th2 | J34: 32 | K34: 0.02 | L34: 9.2287494 | M34: 2.9868873 | N34: 78.137955 | O34: tc2
B35: 33 | C35: 0.0175 | D35: -30.860447 | E35: 2.6822835e-05 | F35: 0 | G35: -12.317391 | H35: tc1 | J35: 33 | K35: 0.0225 | L35: 0.0010358575 | M35: 1.9346673 | N35: 73.089867 | O35: th1
B36: 34 | C36: 0.0175 | D36: 9.1683955 | E36: 1.3473327 | F36: 1.504 | G36: 95.100537 | H36: tc2 | J36: 34 | K36: 0.0225 | L36: 18.424979 | M36: 3.3126454 | N36: 78.873261 | O36: th2
B37: 35 | C37: 0.0175 | D37: 0.0010312579 | E37: 0.65513655 | F37: 1.165 | G37: 99.441987 | H37: th1 - alt | J37: 35 | K37: 0.0225 | L37: -30.860447 | M37: 2.1478354e-08 | N37: -12.317391 | O37: tc1
B38: 36 | C38: 0.02 | D38: 0.0010312579 | E38: 0.65513653 | F38: 1.165 | G38: 99.441986 | H38: th1 | J38: 36 | K38: 0.0225 | L38: 9.2287494 | M38: 2.9868873 | N38: 78.137955 | O38: tc2
B39: 37 | C39: 0.02 | D39: 18.296844 | E39: 1.6407113 | F39: 1.517 | G39: 93.71739 | H39: th2 | J39: 37 | K39: 0.025 | L39: 0.0010358575 | M39: 1.9346672 | N39: 73.089869 | O39: th1
B40: 38 | C40: 0.02 | D40: -30.860447 | E40: 2.5067944e-05 | F40: 0 | G40: -12.317391 | H40: tc1 | J40: 38 | K40: 0.025 | L40: 18.424979 | M40: 3.3126454 | N40: 78.873261 | O40: th2
B41: 39 | C41: 0.02 | D41: 9.1683955 | E41: 1.3473327 | F41: 1.504 | G41: 95.100537 | H41: tc2 | J41: 39 | K41: 0.025 | L41: -30.860447 | M41: 2.1478354e-08 | N41: -12.317391 | O41: tc1
B42: 40 | C42: 0.02 | D42: 0.0010312579 | E42: 0.65513653 | F42: 1.165 | G42: 99.441986 | H42: th1 - alt | J42: 40 | K42: 0.025 | L42: 9.2287494 | M42: 2.9868873 | N42: 78.137955 | O42: tc2
B43: 41 | C43: 0.0225 | D43: 0.0010312579 | E43: 0.65513655 | F43: 1.165 | G43: 99.441987 | H43: th1 | J43: 41 | K43: 0.0275 | L43: 0.0010358575 | M43: 1.9346673 | N43: 73.089867 | O43: th1
B44: 42 | C44: 0.0225 | D44: 18.296844 | E44: 1.6407113 | F44: 1.517 | G44: 93.71739 | H44: th2 | J44: 42 | K44: 0.0275 | L44: 18.424979 | M44: 3.3126454 | N44: 78.873261 | O44: th2
... B122: 120 | C122: 0.06 | D122: 0.0010312579 | E122: 0.65513653 | F122: 1.165 | G122: 99.441986 | H122: th1 - alt | J122: 120 | K122: 0.075 | L122: 9.2287494 | M122: 2.9868873 | N122: 78.137955 | O122: tc2
B123: 121 | C123: 0.0625 | D123: 0.0010312579 | E123: 0.65513655 | F123: 1.165 | G123: 99.441987 | H123: th1
B124: 122 | C124: 0.0625 | D124: 18.296844 | E124: 1.6407113 | F124: 1.517 | G124: 93.71739 | H124: th2
B125: 123 | C125: 0.0625 | D125: -30.860447 | E125: 2.6822835e-05 | F125: 0 | G125: -12.317391 | H125: tc1
B126: 124 | C126: 0.0625 | D126: 9.1683955 | E126: 1.3473327 | F126: 1.504 | G126: 95.100537 | H126: tc2
B127: 125 | C127: 0.0625 | D127: 0.0010312579 | E127: 0.65513655 | F127: 1.165 | G127: 99.441987 | H127: th1 - alt
B128: 126 | C128: 0.065 | D128: 0.0010312579 | E128: 0.65513653 | F128: 1.165 | G128: 99.441986 | H128: th1
B129: 127 | C129: 0.065 | D129: 18.296844 | E129: 1.6407113 | F129: 1.517 | G129: 93.71739 | H129: th2
B130: 128 | C130: 0.065 | D130: -30.860447 | E130: 2.5067944e-05 | F130: 0 | G130: -12.317391 | H130: tc1
B131: 129 | C131: 0.065 | D131: 9.1683955 | E131: 1.3473327 | F131: 1.504 | G131: 95.100537 | H131: tc2
B132: 130 | C132: 0.065 | D132: 0.0010312579 | E132: 0.65513653 | F132: 1.165 | G132: 99.441986 | H132: th1 - alt
B133: 131 | C133: 0.0675 | D133: 0.0010312579 | E133: 0.65513655 | F133: 1.165 | G133: 99.441987 | H133: th1
B134: 132 | C134: 0.0675 | D134: 18.296844 | E134: 1.6407113 | F134: 1.517 | G134: 93.71739 | H134: th2
... B152: 150 | C152: 0.075 | D152: 0.0010312579 | E152: 0.65513653 | F152: 1.165 | G152: 99.441986 | H152: th1 - alt

Sheet Variar Nominales c222
A1: uc222 | B1: Parameter Array (tiempo muerto) | J1: Sin Tiempo Muerto | Q1: error final vs setpoint (en % de sp)
B2: n | C2: Valor | D2: Kp | E2: Tp | F2: Td | G2: % | H2: Salida | J2: n | K2: Valor | L2: Kp | M2: Tp | N2: % | O2: Salida | Q2: n | R2: Valor | S2: th1 | T2: th2 | U2: tc1 | V2: tc2
B3: 1 | C3: 0.0025 | D3: 0.0010312579 | E3: 0.65513654 | F3: 1.165 | G3: 99.441987 | H3: th1 | J3: 1 | K3: 0.0025 | L3: 0.0010358575 | M3: 1.9346673 | N3: 73.089867 | O3: th1 | Q3: 1 | R3: 0.0025 | S3: -0.010851211 | T3: 0.0016988504 | U3: 0.0036282196 | V3: -0.0027320716 | X3: =S4-S3 -> 0 | Y3: =T4-T3 -> 0.007078856 | Z3: =U4-U3 -> 0 | AA3: =V4-V3 -> -0.0045203589
B4: 2 | C4: 0.0025 | D4: 11.30438 | E4: 0.20574477 | F4: 1.779 | G4: 96.09311 | H4: th2 | J4: 2 | K4: 0.0025 | L4: 11.347343 | M4: 1.8634949 | N4: 70.768195 | O4: th2 | Q4: 2 | R4: 0.005 | S4: -0.010851211 | T4: 0.0087777064 | U4: 0.0036282196 | V4: -0.0072524306 | X4: =S5-S4 -> 0 | Y4: =T5-T4 -> 0.0071135673 | Z4: =U5-U4 -> 2.0300168e-14 | AA4: =V5-V4 -> -0.0045425246
B5: 3 | C5: 0.0025 | D5: 0.0066105961 | E5: 0.70028481 | F5: 1.224 | G5: 99.294589 | H5: tc1 | J5: 3 | K5: 0.0025 | L5: 0.0066406978 | M5: 2.0140847 | N5: 73.982745 | O5: tc1 | Q5: 3 | R5: 0.0075 | S5: -0.010851211 | T5: 0.015891274 | U5: 0.0036282196 | V5: -0.011794955 | X5: =S6-S5 -> 0 | Y5: =T6-T5 -> 0.0071485332 | Z5: =U6-U5 -> 0 | AA5: =V6-V5 -> -0.0045648528
B6: 4 | C6: 0.0025 | D6: -6.853303 | E6: 0.022103963 | F6: 0 | G6: -6.4399922 | H6: tc2 | J6: 4 | K6: 0.0025 | L6: -6.853303 | M6: 0.00031100011 | N6: -6.4399922 | O6: tc2 | Q6: 4 | R6: 0.01 | S6: -0.010851211 | T6: 0.023039807 | U6: 0.0036282196 | V6: -0.016359808 | X6: =S7-S6 -> 0 | Y6: =T7-T6 -> 0.0071837562 | Z6: =U7-U6 -> -2.0300168e-14 | AA6: =V7-V6 -> -0.0045873452
B7: 5 | C7: 0.0025 | D7: 0.0010312579 | E7: 0.65513654 | F7: 1.165 | G7: 99.441987 | H7: th1 - alt | J7: 5 | K7: 0.005 | L7: 0.00020777446 | M7: 2.0286715 | N7: 77.373781 | O7: th1 | Q7: 5 | R7: 0.0125 | S7: -0.010851211 | T7: 0.030223563 | U7: 0.0036282196 | V7: -0.020947153 | X7: =S8-S7 -> 0 | Y7: =T8-T7 -> 0.0072192388 | Z7: =U8-U7 -> 2.0300168e-14 | AA7: =V8-V7 -> -0.0046100034
B8: 6 | C8: 0.005 | D8: 0.00020682321 | E8: 0.72707361 | F8: 1.2 | G8: 99.228058 | H8: th1 | J8: 6 | K8: 0.005 | L8: 11.341077 | M8: 1.8633751 | N8: 74.370617 | O8: th2 | Q8: 6 | R8: 0.015 | S8: -0.010851211 | T8: 0.037442802 | U8: 0.0036282196 | V8: -0.025557157 | X8: =S9-S8 -> 0 | Y8: =T9-T8 -> 0.0072549835 | Z8: =U9-U8 -> 0 | AA8: =V9-V8 -> -0.004632829
B9: 7 | C9: 0.005 | D9: 11.298147 | E9: 0.20501056 | F9: 1.779 | G9: 96.572086 | H9: th2 | J9: 7 | K9: 0.005 | L9: 0.0017600379 | M9: 2.1063135 | N9: 77.836757 | O9: tc1 | Q9: 7 | R9: 0.0175 | S9: -0.010851211 | T9: 0.044697785 | U9: 0.0036282196 | V9: -0.030189986 | X9: =S10-S9 -> 0 | Y9: =T10-T9 -> 0.007290993 | Z9: =U10-U9 -> 0 | AA9: =V10-V9 -> -0.0046558237
B10: 8 | C10: 0.005 | D10: 0.0017517638 | E10: 0.7356792 | F10: 1.301 | G10: 99.17064 | H10: tc1 | J10: 8 | K10: 0.005 | L10: -6.8558608 | M10: 0.00031164154 | N10: -5.9241132 | O10: tc2 | Q10: 8 | R10: 0.02 | S10: -0.010851211 | T10: 0.051988778 | U10: 0.0036282196 | V10: -0.034845809 | X10: =S11-S10 -> 0 | Y10: =T11-T10 -> 0.0073272699 | Z10: =U11-U10 -> 0 | AA10: =V11-V10 -> -0.0046789891
B11: 9 | C11: 0.005 | D11: -6.8558608 | E11: 5.2544697e-09 | F11: 0 | G11: -5.9241132 | H11: tc2 | J11: 9 | K11: 0.0075 | L11: 0.0010358568 | M11: 1.9346672 | N11: 73.089869 | O11: th1 | Q11: 9 | R11: 0.0225 | S11: -0.010851211 | T11: 0.059316048 | U11: 0.0036282196 | V11: -0.039524798 | X11: =S12-S11 -> 0 | Y11: =T12-T11 -> 0.0073638167 | Z11: =U12-U11 -> 0 | AA11: =V12-V11 -> -0.0047023268
B12: 10 | C12: 0.005 | D12: 0.00020681163 | E12: 0.72707361 | F12: 1.2 | G12: 99.22806 | H12: th1 - alt | J12: 10 | K12: 0.0075 | L12: 11.347343 | M12: 1.8634949 | N12: 70.768195 | O12: th2 | Q12: 10 | R12: 0.025 | S12: -0.010851211 | T12: 0.066679865 | U12: 0.0036282196 | V12: -0.044227125 | X12: =S13-S12 -> 0 | Y12: =T13-T12 -> 0.0074006362 | Z12: =U13-U12 -> -2.0300168e-14 | AA12: =V13-V12 -> -0.0047258387
B13: 11 | C13: 0.0075 | D13: 0.0010312572 | E13: 0.65513652 | F13: 1.165 | G13: 99.441987 | H13: th1 | J13: 11 | K13: 0.0075 | L13: 0.0066406653 | M13: 2.0140853 | N13: 73.982751 | O13: tc1 | Q13: 11 | R13: 0.0275 | S13: -0.010851211 | T13: 0.074080501 | U13: 0.0036282196 | V13: -0.048952964 | X13: =S14-S13 -> 0 | Y13: =T14-T13 -> 0.007437731 | Z13: =U14-U13 -> 0 | AA13: =V14-V13 -> -0.0047495264
B14: 12 | C14: 0.0075 | D14: 11.30438 | E14: 0.20574472 | F14: 1.779 | G14: 96.09311 | H14: th2 | J14: 12 | K14: 0.0075 | L14: -6.853303 | M14: 0.00031100011 | N14: -6.4399922 | O14: tc2 | Q14: 12 | R14: 0.03 | S14: -0.010851211 | T14: 0.081518232 | U14: 0.0036282196 | V14: -0.05370249 | X14: =S15-S14 -> 0 | Y14: =T15-T14 -> 0.007475104 | Z14: =U15-U14 -> 2.0300168e-14 | AA14: =V15-V14 -> -0.0047733917
... B31: 29 | C31: 0.015 | D31: -6.853303 | E31: 0.02210397 | F31: 0 | G31: -6.4399922 | H31: tc2 | J31: 29 | K31: 0.02 | L31: 0.00020777446 | M31: 2.0286715 | N31: 77.373782 | O31: th1 | Q31: 29 | R31: 0.0725 | S31: -0.010851211 | T31: 0.2139158 | U31: 0.0036282196 | V31: -0.13824786 | X31: =S32-S31 -> 0 | Y31: =T32-T31 -> 0.0081558168 | Z31: =U32-U31 -> 0 | AA31: =V32-V31 -> -0.0052080759
B32: 30 | C32: 0.015 | D32: 0.0010312572 | E32: 0.65513652 | F32: 1.165 | G32: 99.441986 | H32: th1 - alt | J32: 30 | K32: 0.02 | L32: 11.341077 | M32: 1.8633751 | N32: 74.370617 | O32: th2 | Q32: 30 | R32: 0.075 | S32: -0.010851211 | T32: 0.22207161 | U32: 0.0036282196 | V32: -0.14345594
B33: 31 | C33: 0.0175 | D33: 0.0010312572 | E33: 0.65513657 | F33: 1.165 | G33: 99.441986 | H33: th1 | J33: 31 | K33: 0.02 | L33: 0.0017600379 | M33: 2.1063135 | N33: 77.836758 | O33: tc1
B34: 32 | C34: 0.0175 | D34: 11.30438 | E34: 0.20574472 | F34: 1.779 | G34: 96.09311 | H34: th2 | J34: 32 | K34: 0.02 | L34: -6.8558608 | M34: 0.00031164154 | N34: -5.9241132 | O34: tc2
B35: 33 | C35: 0.0175 | D35: 0.0066105638 | E35: 0.70028523 | F35: 1.224 | G35: 99.294587 | H35: tc1 | J35: 33 | K35: 0.0225 | L35: 0.0010358568 | M35: 1.9346672 | N35: 73.08987 | O35: th1
B36: 34 | C36: 0.0175 | D36: -6.853303 | E36: 0.022103962 | F36: 0 | G36: -6.4399922 | H36: tc2 | J36: 34 | K36: 0.0225 | L36: 11.347343 | M36: 1.8634949 | N36: 70.768195 | O36: th2
B37: 35 | C37: 0.0175 | D37: 0.0010312572 | E37: 0.65513657 | F37: 1.165 | G37: 99.441986 | H37: th1 - alt | J37: 35 | K37: 0.0225 | L37: 0.0066406654 | M37: 2.0140853 | N37: 73.982751 | O37: tc1
B38: 36 | C38: 0.02 | D38: 0.00020682321 | E38: 0.72707361 | F38: 1.2 | G38: 99.228058 | H38: th1 | J38: 36 | K38: 0.0225 | L38: -6.853303 | M38: 0.00031100011 | N38: -6.4399922 | O38: tc2
B39: 37 | C39: 0.02 | D39: 11.298147 | E39: 0.20501056 | F39: 1.779 | G39: 96.572086 | H39: th2 | J39: 37 | K39: 0.025 | L39: 0.0010358568 | M39: 1.9346672 | N39: 73.089869 | O39: th1
B40: 38 | C40: 0.02 | D40: 0.0017517638 | E40: 0.73567919 | F40: 1.301 | G40: 99.17064 | H40: tc1 | J40: 38 | K40: 0.025 | L40: 11.347343 | M40: 1.8634949 | N40: 70.768195 | O40: th2
B41: 39 | C41: 0.02 | D41: -6.8558608 | E41: 1.1409433e-06 | F41: 0 | G41: -5.9241132 | H41: tc2 | J41: 39 | K41: 0.025 | L41: 0.0066406654 | M41: 2.0140853 | N41: 73.982751 | O41: tc1
B42: 40 | C42: 0.02 | D42: 0.00020681163 | E42: 0.72707361 | F42: 1.2 | G42: 99.22806 | H42: th1 - alt | J42: 40 | K42: 0.025 | L42: -6.853303 | M42: 0.00031100011 | N42: -6.4399922 | O42: tc2
B43: 41 | C43: 0.0225 | D43: 0.0010312572 | E43: 0.65513653 | F43: 1.165 | G43: 99.441986 | H43: th1 | J43: 41 | K43: 0.0275 | L43: 0.0010358568 | M43: 1.9346672 | N43: 73.089869 | O43: th1
B44: 42 | C44: 0.0225 | D44: 11.30438 | E44: 0.20574472 | F44: 1.779 | G44: 96.09311 | H44: th2 | J44: 42 | K44: 0.0275 | L44: 11.347343 | M44: 1.8634949 | N44: 70.768195 | O44: th2
... B122: 120 | C122: 0.06 | D122: 0.0010312572 | E122: 0.65513652 | F122: 1.165 | G122: 99.441987 | H122: th1 - alt | J122: 120 | K122: 0.075 | L122: -6.853303 | M122: 0.00031100011 | N122: -6.4399922 | O122: tc2
B123: 121 | C123: 0.0625 | D123: 0.0010312572 | E123: 0.65513652 | F123: 1.165 | G123: 99.441987 | H123: th1
B124: 122 | C124: 0.0625 | D124: 11.30438 | E124: 0.20574473 | F124: 1.779 | G124: 96.09311 | H124: th2
B125: 123 | C125: 0.0625 | D125: 0.006610564 | E125: 0.70028522 | F125: 1.224 | G125: 99.294587 | H125: tc1
B126: 124 | C126: 0.0625 | D126: -6.853303 | E126: 0.022103961 | F126: 0 | G126: -6.4399922 | H126: tc2
B127: 125 | C127: 0.0625 | D127: 0.0010312572 | E127: 0.65513652 | F127: 1.165 | G127: 99.441987 | H127: th1 - alt
B128: 126 | C128: 0.065 | D128: 0.00034915772 | E128: 0.71328098 | F128: 1.187 | G128: 99.191774 | H128: th1
B129: 127 | C129: 0.065 | D129: 11.299106 | E129: 0.20516453 | F129: 1.779 | G129: 96.090672 | H129: th2
B130: 128 | C130: 0.065 | D130: 0.0027388677 | E130: 0.723561 | F130: 1.277 | G130: 99.139752 | H130: tc1
B131: 129 | C131: 0.065 | D131: -6.8554129 | E131: 0.022177581 | F131: 0 | G131: -6.442002 | H131: tc2
B132: 130 | C132: 0.065 | D132: 0.00034915772 | E132: 0.71328098 | F132: 1.187 | G132: 99.191774 | H132: th1 - alt
B133: 131 | C133: 0.0675 | D133: 0.0010312572 | E133: 0.65513652 | F133: 1.165 | G133: 99.441986 | H133: th1
B134: 132 | C134: 0.0675 | D134: 11.30438 | E134: 0.20574473 | F134: 1.779 | G134: 96.09311 | H134: th2
... B152: 150 | C152: 0.075 | D152: 0.0010312572 | E152: 0.65513653 | F152: 1.165 | G152: 99.441986 | H152: th1 - alt
B155: Parameter Array (tiempo muerto)
B156: n | C156: Valor | D156: Kp | E156: Tp | F156: Td | G156: % | H156: Salida
B157: 1 | C157: 0.0025 | H157: th1
B158: 2 | C158: 0.0025 | H158: th2
B159: 3 | C159: 0.0025 | H159: tc1
B160: 4 | C160: 0.0025 | H160: tc2
B161: 5 | C161: 0.0025 | H161: th1 - alt
B162: 6 | C162: 0.005 | D162: 0.00017460089 | E162: 0.87594054 | F162: 1.153 | G162: 99.329581 | H162: th1
B163: 7 | C163: 0.005 | D163: 11.316 | E163: 0.43127092 | F163: 1.623 | G163: 97.13682 | H163: th2
B164: 8 | C164: 0.005 | D164: 0.0013694522 | E164: 0.90183677 | F164: 1.241 | G164: 99.13415 | H164: tc1
B165: 9 | C165: 0.005 | D165: -6.9137153 | E165: 7.2552687e-10 | F165: 0 | G165: -6.497082 | H165: tc2
B166: 10 | C166: 0.005 | D166: 0.0017564698 | E166: 2.1069303 | F166: 0 | G166: 74.759554 | H166: th1 - alt
B167: 11 | C167: 0.0075 | D167: 0.00034376864 | E167: 0.98269601 | F167: 1.092 | G167: 99.285114 | H167: th1
B168: 12 | C168: 0.0075 | D168: 11.343814 | E168: 0.60174556 | F168: 1.581 | G168: 97.24181 | H168: th2
B169: 13 | C169: 0.0075 | D169: 0.0022034188 | E169: 1.0726921 | F169: 1.147 | G169: 98.961161 | H169: tc1
B170: 14 | C170: 0.0075 | D170: -6.9554993 | E170: 0.0059740283 | F170: 0 | G170: -6.5240049 | H170: tc2
B171: 15 | C171: 0.0075 | D171: 0.0013759765 | E171: 2.2294635 | F171: 0 | G171: 76.017093 | H171: th1 - alt
B172: 16 | C172: 0.01 | D172: 5.1801809e-05 | E172: 1.867809 | F172: 1.379 | G172: 94.863106 | H172: th1
B173: 17 | C173: 0.01 | D173: 11.380431 | E173: 1.4545599 | F173: 1.729 | G173: 93.214833 | H173: th2
... B306: 150 | C306: 0.075 | D306: 6.130392e-05 | E306: 8.4876229 | F306: 0 | G306: 71.610157 | H306: th1 - alt

Sheet Fits
A1: h112 | D1: h211 | G1: h222 | K1: c112 | N1: c211 | Q1: c222
A2: 1 | B2: ='Variar Nominales h112'!$G3>80 -> FALSE | C2: ='Variar Nominales h112'!$N3>80 -> FALSE | E2: ='Variar Nominales h211'!$G3>80 -> TRUE | F2: ='Variar Nominales h211'!$N3>80 -> FALSE | H2: ='Variar Nominales h222'!$G3>80 -> TRUE | I2: ='Variar Nominales h222'!$N3>80 -> FALSE | K2: 1 | L2: ='Variar Nominales c112'!$G3>80 -> TRUE | M2: ='Variar Nominales c112'!$N3>80 -> FALSE | O2: ='Variar Nominales c211'!$G3>80 -> TRUE | P2: ='Variar Nominales c211'!$N3>80 -> FALSE | R2: ='Variar Nominales c222'!$G3>80 -> TRUE | S2: ='Variar Nominales c222'!$N3>80 -> FALSE
A3: 2 | B3: ='Variar Nominales h112'!$G4>80 -> TRUE | C3: ='Variar Nominales h112'!$N4>80 -> TRUE | E3: ='Variar Nominales h211'!$G4>80 -> FALSE | F3: ='Variar Nominales h211'!$N4>80 -> FALSE | H3: ='Variar Nominales h222'!$G4>80 -> FALSE | I3: ='Variar Nominales h222'!$N4>80 -> FALSE | K3: 2 | L3: ='Variar Nominales c112'!$G4>80 -> FALSE | M3: ='Variar Nominales c112'!$N4>80 -> FALSE | O3: ='Variar Nominales c211'!$G4>80 -> TRUE | P3: ='Variar Nominales c211'!$N4>80 -> TRUE | R3: ='Variar Nominales c222'!$G4>80 -> TRUE | S3: ='Variar Nominales c222'!$N4>80 -> FALSE
A4: 3 | B4: ='Variar Nominales h112'!$G5>80 -> TRUE | C4: ='Variar Nominales h112'!$N5>80 -> TRUE | E4: ='Variar Nominales h211'!$G5>80 -> TRUE | F4: ='Variar Nominales h211'!$N5>80 -> FALSE | H4: ='Variar Nominales h222'!$G5>80 -> TRUE | I4: ='Variar Nominales h222'!$N5>80 -> FALSE | K4: 3 | L4: ='Variar Nominales c112'!$G5>80 -> FALSE | M4: ='Variar Nominales c112'!$N5>80 -> FALSE | O4: ='Variar Nominales c211'!$G5>80 -> FALSE | P4: ='Variar Nominales c211'!$N5>80 -> FALSE | R4: ='Variar Nominales c222'!$G5>80 -> TRUE | S4: ='Variar Nominales c222'!$N5>80 -> FALSE
A5: 4 | B5: ='Variar Nominales h112'!$G6>80 -> TRUE | C5: ='Variar Nominales h112'!$N6>80 -> TRUE | E5: ='Variar Nominales h211'!$G6>80 -> FALSE | F5: ='Variar Nominales h211'!$N6>80 -> FALSE | H5: ='Variar Nominales h222'!$G6>80 -> FALSE | I5: ='Variar Nominales h222'!$N6>80 -> FALSE | K5: 4 | L5: ='Variar Nominales c112'!$G6>80 -> FALSE | M5: ='Variar Nominales c112'!$N6>80 -> FALSE | O5: ='Variar Nominales c211'!$G6>80 -> TRUE | P5: ='Variar Nominales c211'!$N6>80 -> TRUE | R5: ='Variar Nominales c222'!$G6>80 -> FALSE | S5: ='Variar Nominales c222'!$N6>80 -> FALSE
A6: 5 | B6: ='Variar Nominales h112'!$G7>80 -> TRUE | C6: ='Variar Nominales h112'!$N7>80 -> FALSE | E6: ='Variar Nominales h211'!$G7>80 -> TRUE | F6: ='Variar Nominales h211'!$N7>80 -> FALSE | H6: ='Variar Nominales h222'!$G7>80 -> TRUE | I6: ='Variar Nominales h222'!$N7>80 -> FALSE | K6: 5 | L6: ='Variar Nominales c112'!$G7>80 -> TRUE | M6: ='Variar Nominales c112'!$N7>80 -> FALSE | O6: ='Variar Nominales c211'!$G7>80 -> TRUE | P6: ='Variar Nominales c211'!$N7>80 -> FALSE | R6: ='Variar Nominales c222'!$G7>80 -> TRUE | S6: ='Variar Nominales c222'!$N7>80 -> FALSE
A7: 6 | B7: ='Variar Nominales h112'!$G8>80 -> FALSE | C7: ='Variar Nominales h112'!$N8>80 -> TRUE | E7: ='Variar Nominales h211'!$G8>80 -> TRUE | F7: ='Variar Nominales h211'!$N8>80 -> FALSE | H7: ='Variar Nominales h222'!$G8>80 -> TRUE | I7: ='Variar Nominales h222'!$N8>80 -> FALSE | K7: 6 | L7: ='Variar Nominales c112'!$G8>80 -> TRUE | M7: ='Variar Nominales c112'!$N8>80 -> FALSE | O7: ='Variar Nominales c211'!$G8>80 -> TRUE | P7: ='Variar Nominales c211'!$N8>80 -> FALSE | R7: ='Variar Nominales c222'!$G8>80 -> TRUE | S7: ='Variar Nominales c222'!$N8>80 -> FALSE
A8: 7 | B8: ='Variar Nominales h112'!$G9>80 -> TRUE | C8: ='Variar Nominales h112'!$N9>80 -> TRUE | E8: ='Variar Nominales h211'!$G9>80 -> FALSE | F8: ='Variar Nominales h211'!$N9>80 -> FALSE | H8: ='Variar Nominales h222'!$G9>80 -> FALSE | I8: ='Variar Nominales h222'!$N9>80 -> FALSE | K8: 7 | L8: ='Variar Nominales c112'!$G9>80 -> FALSE | M8: ='Variar Nominales c112'!$N9>80 -> FALSE | O8: ='Variar Nominales c211'!$G9>80 -> TRUE | P8: ='Variar Nominales c211'!$N9>80 -> FALSE | R8: ='Variar Nominales c222'!$G9>80 -> TRUE | S8: ='Variar Nominales c222'!$N9>80 -> FALSE
A9: 8 | B9: ='Variar Nominales h112'!$G10>80 -> TRUE | C9: ='Variar Nominales h112'!$N10>80 -> TRUE | E9: ='Variar Nominales h211'!$G10>80 -> TRUE | F9: ='Variar Nominales h211'!$N10>80 -> FALSE | H9: ='Variar Nominales h222'!$G10>80 -> TRUE | I9: ='Variar Nominales h222'!$N10>80 -> FALSE | K9: 8 | L9: ='Variar Nominales c112'!$G10>80 -> FALSE | M9: ='Variar Nominales c112'!$N10>80 -> FALSE | O9: ='Variar Nominales c211'!$G10>80 -> FALSE | P9: ='Variar Nominales c211'!$N10>80 -> FALSE | R9: ='Variar Nominales c222'!$G10>80 -> TRUE | S9: ='Variar Nominales c222'!$N10>80 -> FALSE
A10: 9 | B10: ='Variar Nominales h112'!$G11>80 -> TRUE | C10: ='Variar Nominales h112'!$N11>80 -> FALSE | E10: ='Variar Nominales h211'!$G11>80 -> FALSE | F10: ='Variar Nominales h211'!$N11>80 -> FALSE | H10: ='Variar Nominales h222'!$G11>80 -> FALSE | I10: ='Variar Nominales h222'!$N11>80 -> FALSE | K10: 9 | L10: ='Variar Nominales c112'!$G11>80 -> FALSE | M10: ='Variar Nominales c112'!$N11>80 -> FALSE | O10: ='Variar Nominales c211'!$G11>80 -> TRUE | P10: ='Variar Nominales c211'!$N11>80 -> FALSE | R10: ='Variar Nominales c222'!$G11>80 -> FALSE | S10: ='Variar Nominales c222'!$N11>80 -> FALSE
A11: 10 | B11: ='Variar Nominales h112'!$G12>80 -> TRUE | C11: ='Variar Nominales h112'!$N12>80 -> TRUE | E11: ='Variar Nominales h211'!$G12>80 -> TRUE | F11: ='Variar Nominales h211'!$N12>80 -> FALSE | H11: ='Variar Nominales h222'!$G12>80 -> TRUE | I11: ='Variar Nominales h222'!$N12>80 -> FALSE | K11: 10 | L11: ='Variar Nominales c112'!$G12>80 -> TRUE | M11: ='Variar Nominales c112'!$N12>80 -> FALSE | O11: ='Variar Nominales c211'!$G12>80 -> TRUE | P11: ='Variar Nominales c211'!$N12>80 -> FALSE | R11: ='Variar Nominales c222'!$G12>80 -> TRUE | S11: ='Variar Nominales c222'!$N12>80 -> FALSE
A12: 11 | B12: ='Variar Nominales h112'!$G13>80 -> FALSE | C12: ='Variar Nominales h112'!$N13>80 -> TRUE | E12: ='Variar Nominales h211'!$G13>80 -> TRUE | F12: ='Variar Nominales h211'!$N13>80 -> FALSE | H12: ='Variar Nominales h222'!$G13>80 -> TRUE | I12: ='Variar Nominales h222'!$N13>80 -> FALSE | K12: 11 | L12: ='Variar Nominales c112'!$G13>80 -> TRUE | M12: ='Variar Nominales c112'!$N13>80 -> FALSE | O12: ='Variar Nominales c211'!$G13>80 -> TRUE | P12: ='Variar Nominales c211'!$N13>80 -> FALSE | R12: ='Variar Nominales c222'!$G13>80 -> TRUE | S12: ='Variar Nominales c222'!$N13>80 -> FALSE
A13: 12 | B13: ='Variar Nominales h112'!$G14>80 -> TRUE | C13: ='Variar Nominales h112'!$N14>80 -> TRUE | E13: ='Variar Nominales h211'!$G14>80 -> FALSE | F13: ='Variar Nominales h211'!$N14>80 -> FALSE | H13: ='Variar Nominales h222'!$G14>80 -> FALSE | I13: ='Variar Nominales h222'!$N14>80 -> FALSE | K13: 12 | L13: ='Variar Nominales c112'!$G14>80 -> FALSE | M13: ='Variar Nominales c112'!$N14>80 -> FALSE | O13: ='Variar Nominales c211'!$G14>80 -> TRUE | P13: ='Variar Nominales c211'!$N14>80 -> FALSE | R13: ='Variar Nominales c222'!$G14>80 -> TRUE | S13: ='Variar Nominales c222'!$N14>80 -> FALSE
... A106: 105 | B106: ='Variar Nominales h112'!$G107>80 -> TRUE | C106: ='Variar Nominales h112'!$N107>80 -> FALSE | E106: ='Variar Nominales h211'!$G107>80 -> TRUE | F106: ='Variar Nominales h211'!$N107>80 -> FALSE | H106: ='Variar Nominales h222'!$G107>80 -> TRUE | I106: ='Variar Nominales h222'!$N107>80 -> FALSE | K106: 105 | L106: ='Variar Nominales c112'!$G107>80 -> TRUE | M106: ='Variar Nominales c112'!$N107>80 -> FALSE | O106: ='Variar Nominales c211'!$G107>80 -> TRUE | P106: ='Variar Nominales c211'!$N107>80 -> FALSE | R106: ='Variar Nominales c222'!$G107>80 -> TRUE | S106: ='Variar Nominales c222'!$N107>80 -> FALSE
K107: 106 | L107: ='Variar Nominales c112'!$G108>80 -> TRUE | M107: ='Variar Nominales c112'!$N108>80 -> FALSE | O107: ='Variar Nominales c211'!$G108>80 -> TRUE | P107: ='Variar Nominales c211'!$N108>80 -> FALSE | R107: ='Variar Nominales c222'!$G108>80 -> TRUE | S107: ='Variar Nominales c222'!$N108>80 -> FALSE
K108: 107 | L108: ='Variar Nominales c112'!$G109>80 -> FALSE | M108: ='Variar Nominales c112'!$N109>80 -> FALSE | O108: ='Variar Nominales c211'!$G109>80 -> TRUE | P108: ='Variar Nominales c211'!$N109>80 -> FALSE | R108: ='Variar Nominales c222'!$G109>80 -> TRUE | S108: ='Variar Nominales c222'!$N109>80 -> FALSE
K109: 108 | L109: ='Variar Nominales c112'!$G110>80 -> FALSE | M109: ='Variar Nominales c112'!$N110>80 -> FALSE | O109: ='Variar Nominales c211'!$G110>80 -> FALSE | P109: ='Variar Nominales c211'!$N110>80 -> FALSE | R109: ='Variar Nominales c222'!$G110>80 -> TRUE | S109: ='Variar Nominales c222'!$N110>80 -> FALSE
K110: 109 | L110: ='Variar Nominales c112'!$G111>80 -> FALSE | M110: ='Variar Nominales c112'!$N111>80 -> FALSE | O110: ='Variar Nominales c211'!$G111>80 -> TRUE | P110: ='Variar Nominales c211'!$N111>80 -> FALSE | R110: ='Variar Nominales c222'!$G111>80 -> FALSE | S110: ='Variar Nominales c222'!$N111>80 -> FALSE
K111: 110 | L111: ='Variar Nominales c112'!$G112>80 -> TRUE | M111: ='Variar Nominales c112'!$N112>80 -> FALSE | O111: ='Variar Nominales c211'!$G112>80 -> TRUE | P111: ='Variar Nominales c211'!$N112>80 -> FALSE | R111: ='Variar Nominales c222'!$G112>80 -> TRUE | S111: ='Variar Nominales c222'!$N112>80 -> FALSE
K112: 111 | L112: ='Variar Nominales c112'!$G113>80 -> TRUE | M112: ='Variar Nominales c112'!$N113>80 -> FALSE | O112: ='Variar Nominales c211'!$G113>80 -> TRUE | P112: ='Variar Nominales c211'!$N113>80 -> FALSE | R112: ='Variar Nominales c222'!$G113>80 -> TRUE | S112: ='Variar Nominales c222'!$N113>80 -> FALSE
K113: 112 | L113: ='Variar Nominales c112'!$G114>80 -> FALSE | M113: ='Variar Nominales c112'!$N114>80 -> FALSE | O113: ='Variar Nominales c211'!$G114>80 -> TRUE | P113: ='Variar Nominales c211'!$N114>80 -> FALSE | R113: ='Variar Nominales c222'!$G114>80 -> TRUE | S113: ='Variar Nominales c222'!$N114>80 -> FALSE
K114: 113 | L114: ='Variar Nominales c112'!$G115>80 -> FALSE | M114: ='Variar Nominales c112'!$N115>80 -> FALSE | O114: ='Variar Nominales c211'!$G115>80 -> FALSE | P114: ='Variar Nominales c211'!$N115>80 -> FALSE | R114: ='Variar Nominales c222'!$G115>80 -> TRUE | S114: ='Variar Nominales c222'!$N115>80 -> FALSE
K115: 114 | L115: ='Variar Nominales c112'!$G116>80 -> FALSE | M115: ='Variar Nominales c112'!$N116>80 -> FALSE | O115: ='Variar Nominales c211'!$G116>80 -> TRUE | P115: ='Variar Nominales c211'!$N116>80 -> FALSE | R115: ='Variar Nominales c222'!$G116>80 -> FALSE | S115: ='Variar Nominales c222'!$N116>80 -> FALSE
K116: 115 | L116: ='Variar Nominales c112'!$G117>80 -> TRUE | M116: ='Variar Nominales c112'!$N117>80 -> FALSE | O116: ='Variar Nominales c211'!$G117>80 -> TRUE | P116: ='Variar Nominales c211'!$N117>80 -> FALSE | R116: ='Variar Nominales c222'!$G117>80 -> TRUE | S116: ='Variar Nominales c222'!$N117>80 -> FALSE
K117: 116 | L117: ='Variar Nominales c112'!$G118>80 -> TRUE | M117: ='Variar Nominales c112'!$N118>80 -> FALSE | O117: ='Variar Nominales c211'!$G118>80 -> TRUE | P117: ='Variar Nominales c211'!$N118>80 -> FALSE | R117: ='Variar Nominales c222'!$G118>80 -> TRUE | S117: ='Variar Nominales c222'!$N118>80 -> FALSE
K118: 117 | L118: ='Variar Nominales c112'!$G119>80 -> FALSE | M118: ='Variar Nominales c112'!$N119>80 -> FALSE | O118: ='Variar Nominales c211'!$G119>80 -> TRUE | P118: ='Variar Nominales c211'!$N119>80 -> FALSE | R118: ='Variar Nominales c222'!$G119>80 -> TRUE | S118: ='Variar Nominales c222'!$N119>80 -> FALSE
... K151: 150 | L151: ='Variar Nominales c112'!$G152>80 -> TRUE | M151: ='Variar Nominales c112'!$N152>80 -> FALSE | O151: ='Variar Nominales c211'!$G152>80 -> TRUE | P151: ='Variar Nominales c211'!$N152>80 -> FALSE | R151: ='Variar Nominales c222'!$G152>80 -> TRUE | S151: ='Variar Nominales c222'!$N152>80 -> FALSE

Sheet cualitativo
C2: th1 | D2: th2 | E2: tc1 | F2: tc2
B3: uh112 | C3: Exponencial Decayente con Valor Inicial | D3: 1er Orden | E3: 1er Orden | F3: 1er Orden | H3: 18/24
B4: uh211 | C4: N/A | D4: "Sobrevalor" | E4: 1er Orden | F4: "Sobrevalor" (casi 1er Orden)
B5: uh222 | C5: N/A | D5: Exponencial Decayente con Valor Inicial / "Sobrevalor" | E5: N/A | F5: 1er Orden
B6: uc112 | C6: 1er Orden | D6: "Sobrevalor" | E6: "Sobrevalor" | F6: "Sobrevalor"
B7: uc211 | C7: N/A | D7: 1er Orden | E7: Exponencial Decayente con Valor Inicial | F7: 1er Orden
B8: uc222 | C8: N/A | D8: 1er Orden | E8: N/A | F8: Exponencial Decayente con Valor Inicial

Sheet Variar Nominales h112 Update
A1: uh112 | B1: Parameter Array (tiempo muerto) | J1: Sin Tiempo Muerto | Q1: error final vs setpoint (en % de sp)
B2: n | C2: Valor | D2: Kp | E2: Tp | F2: Td | G2: % | H2: Salida | J2: n | K2: Valor | L2: Kp | M2: Tp | N2: % | O2: Salida | Q2: n | R2: Valor | S2: th1 | T2: th2 | U2: tc1 | V2: tc2
B3: 1 | C3: 0.775 | D3: 114.76136 | E3: 0.16181124 | F3: 0.075 | G3: -27.929684 | H3: th1 | J3: 1 | K3: 0.775 | L3: 117.70251 | M3: 6.4050299e-07 | N3: -27.36786 | O3: th1 | Q3: 1 | R3: 0.75 | S3: -0.12207433 | T3: 0.010758239 | U3: 0.023849434 | V3: 0.011260447 | X3: =S4-S3 -> 0.011094919 | Y3: =T4-T3 -> -0.0016064124 | Z3: =U4-U3 -> -0.0020171412 | AA3: =V4-V3 -> -0.00094707817
B4: 2 | C4: 0.775 | D4: -17.279403 | E4: 2.8002746 | F4: 1.462 | G4: 91.091856 | H4: th2 | J4: 2 | K4: 0.775 | L4: -17.399134 | M4: 4.3926507 | N4: 81.037329 | O4: th2 | Q4: 2 | R4: 0.775 | S4: -0.11097941 | T4: 0.0091518265 | U4: 0.021832293 | V4: 0.010313369 | X4: =S5-S4 -> 0.011100751 | Y4: =T5-T4 -> -0.0016072568 | Z4: =U5-U4 -> -0.0020182015 | AA4: =V5-V4 -> -0.000947576
B5: 3 | C5: 0.775 | D5: -30.324126 | E5: 2.1458294 | F5: 1.475 | G5: 92.269997 | H5: tc1 | J5: 3 | K5: 0.775 | L5: -30.539049 | M5: 3.7768925 | N5: 80.1566 | O5: tc1 | Q5: 3 | R5: 0.8 | S5: -0.099878663 | T5: 0.0075445697 | U5: 0.019814091 | V5: 0.0093657932 | X5: =S6-S5 -> 0.011106885 | Y5: =T6-T5 -> -0.0016081448 | Z5: =U6-U5 -> -0.0020193166 | AA5: =V6-V5 -> -0.00094809956
B6: 4 | C6: 0.775 | D6: -8.6510779 | E6: 2.4847258 | F6: 1.409 | G6: 91.734969 | H6: tc2 | J6: 4 | K6: 0.775 | L6: -8.70974 | M6: 4.0336682 | N6: 81.092166 | O6: tc2 | Q6: 4 | R6: 0.825 | S6: -0.088771778 | T6: 0.0059364249 | U6: 0.017794775 | V6: 0.0084176936 | X6: =S7-S6 -> 0.011113023 | Y6: =T7-T6 -> -0.0016090335 | Z6: =U7-U6 -> -0.0020204325 | AA6: =V7-V6 -> -0.00094862351
B7: 5 | C7: 0.775 | D7: -123.83506 | E7: 0.79478572 | F7: 1.243 | G7: 98.740008 | H7: th1 - alt | J7: 5 | K7: 0.825 | L7: 117.76436 | M7: 3.019027e-06 | N7: -27.376473 | O7: th1 | Q7: 5 | R7: 0.85 | S7: -0.077658755 | T7: 0.0043273914 | U7: 0.015774342 | V7: 0.0074690701 | X7: =S8-S7 -> 0.011119165 | Y7: =T8-T7 -> -0.0016099229 | Z7: =U8-U7 -> -0.0020215493 | AA7: =V8-V7 -> -0.00094914783
B8: 6 | C8: 0.825 | D8: 114.82374 | E8: 0.16254326 | F8: 0.077 | G8: -27.941395 | H8: th1 | J8: 6 | K8: 0.825 | L8: -17.414218 | M8: 4.3917895 | N8: 81.038691 | O8: th2 | Q8: 6 | R8: 0.875 | S8: -0.06653959 | T8: 0.0027174685 | U8: 0.013752793 | V8: 0.0065199223 | X8: =S9-S8 -> 0.011125312 | Y8: =T9-T8 -> -0.0016108129 | Z8: =U9-U8 -> -0.0020226668 | AA8: =V9-V8 -> -0.00094967254
B9: 7 | C9: 0.825 | D9: -17.294406 | E9: 2.7997103 | F9: 1.461 | G9: 91.093264 | H9: th2 | J9: 7 | K9: 0.825 | L9: -30.560231 | M9: 3.776534 | N9: 80.155146 | O9: tc1 | Q9: 7 | R9: 0.9 | S9: -0.055414278 | T9: 0.0011066556 | U9: 0.011730126 | V9: 0.0055702497 | X9: =S10-S9 -> 0.011131463 | Y9: =T10-T9 -> -0.0016117035 | Z9: =U10-U9 -> -0.0020237852 | AA9: =V10-V9 -> -0.00095019762
B10: 8 | C10: 0.825 | D10: -30.345158 | E10: 2.1453885 | F10: 1.475 | G10: 92.271086 | H10: tc1 | J10: 8 | K10: 0.825 | L10: -8.7169057 | M10: 4.0329696 | N10: 81.092348 | O10: tc2 | Q10: 8 | R10: 0.925 | S10: -0.044282814 | T10: -0.00050504793 | U10: 0.0097063408 | V10: 0.0046200521 | X10: =S11-S10 -> 0.011137918 | Y10: =T11-T10 -> -0.001612638 | Z10: =U11-U10 -> -0.0020249586 | AA10: =V11-V10 -> -0.00095074856
B11: 9 | C11: 0.825 | D11: -8.6582024 | E11: 2.484179 | F11: 1.408 | G11: 91.736397 | H11: tc2 | J11: 9 | K11: 0.875 | L11: 117.82661 | M11: 6.1348858e-06 | N11: -27.385126 | O11: th1 | Q11: 9 | R11: 0.95 | S11: -0.033144897 | T11: -0.0021176859 | U11: 0.0076813822 | V11: 0.0036693035 | X11: =S12-S11 -> 0.01114378 | Y11: =T12-T11 -> -0.0016134868 | Z11: =U12-U11 -> -0.0020260244 | AA11: =V12-V11 -> -0.00095124896
B12: 10 | C12: 0.825 | D12: -123.77259 | E12: 0.79544439 | F12: 1.243 | G12: 98.738788 | H12: th1 - alt | J12: 10 | K12: 0.875 | L12: -17.426629 | M12: 4.3913334 | N12: 81.038272 | O12: th2 | Q12: 10 | R12: 0.975 | S12: -0.022001117 | T12: -0.0037311727 | U12: 0.0056553578 | V12: 0.0027180546 | X12: =S13-S12 -> 0.011149944 | Y12: =T13-T12 -> -0.0016143793 | Z12: =U13-U12 -> -0.0020271452 | AA12: =V13-V12 -> -0.00095177519
B13: 11 | C13: 0.875 | D13: 114.88634 | E13: 0.1629473 | F13: 0.081 | G13: -27.953374 | H13: th1 | J13: 11 | K13: 0.875 | L13: -30.579674 | M13: 3.7762932 | N13: 80.153206 | O13: tc1 | Q13: 11 | R13: 1 | S13: -0.010851173 | T13: -0.005345552 | U13: 0.0036282127 | V13: 0.0017662794 | X13: =S14-S13 -> 0.011156114 | Y13: =T14-T13 -> -0.0016152726 | Z13: =U14-U13 -> -0.0020282668 | AA13: =V14-V13 -> -0.0009523018
B14: 12 | C14: 0.875 | D14: -17.306736 | E14: 2.7992784 | F14: 1.461 | G14: 91.09394 | H14: th2 | J14: 12 | K14: 0.875 | L14: -8.7230719 | M14: 4.0325381 | N14: 81.091603 | O14: tc2 | Q14: 12 | R14: 1.025 | S14: 0.00030494103 | T14: -0.0069608246 | U14: 0.0015999459 | V14: 0.00081397761 | X14: =S15-S14 -> 0.011162287 | Y14: =T15-T14 -> -0.0016161665 | Z14: =U15-U14 -> -0.0020293892 | AA14: =V15-V14 -> -0.00095282879
... B22: 20 | C22: 0.925 | D22: -123.64581 | E22: 0.79677057 | F22: 1.242 | G22: 98.736191 | H22: th1 - alt | J22: 20 | K22: 0.975 | L22: -8.7515469 | M22: 4.0275038 | N22: 81.105933 | O22: tc2 | Q22: 20 | R22: 1.225 | S22: 0.08977678 | T22: -0.019915283 | U22: -0.014666719 | V22: -0.0068234664 | X22: =S23-S22 -> 0.011211839 | Y22: =T23-T22 -> -0.0016233409 | Z22: =U23-U22 -> -0.002038398 | AA22: =V23-V22 -> -0.00095705857
B23: 21 | C23: 0.975 | D23: 115.00682 | E23: 0.16402809 | F23: 0.091 | G23: -27.979047 | H23: th1 | J23: 21 | K23: 1.025 | L23: 118.02299 | M23: 3.230025e-06 | N23: -27.412444 | O23: th1 | Q23: 21 | R23: 1.25 | S23: 0.10098862 | T23: -0.021538624 | U23: -0.016705117 | V23: -0.007780525
B24: 22 | C24: 0.975 | D24: -17.364735 | E24: 2.7966699 | F24: 1.459 | G24: 91.103581 | H24: th2 | J24: 22 | K24: 1.025 | L24: -17.397236 | M24: 4.3992494 | N24: 80.999503 | O24: th2
B25: 23 | C25: 0.975 | D25: -30.433377 | E25: 2.1434795 | F25: 1.474 | G25: 92.27772 | H25: tc1 | J25: 23 | K25: 1.025 | L25: -30.577425 | M25: 3.7794479 | N25: 80.132725 | O25: tc1
B26: 24 | C26: 0.975 | D26: -8.6927124 | E26: 2.4814356 | F26: 1.406 | G26: 91.747132 | H26: tc2 | J26: 24 | K26: 1.025 | L26: -8.7093433 | M26: 4.0396411 | N26: 81.057295 | O26: tc2 | R26: 0.775 | S26: -0.11097941 | T26: 0.0091518265 | U26: 0.021832293 | V26: 0.010313369 | X26: =S27-S26 -> 0.022207636 | Y26: =T27-T26 -> -0.0032154016 | Z26: =U27-U26 -> -0.0040375181 | AA26: =V27-V26 -> -0.0018956756
B27: 25 | C27: 0.975 | D27: -123.58855 | E27: 0.79743154 | F27: 1.242 | G27: 98.734934 | H27: th1 - alt | J27: 25 | K27: 1.075 | L27: 118.08136 | M27: 1.08407e-10 | N27: -27.42042 | O27: th1 | R27: 0.825 | S27: -0.088771778 | T27: 0.0059364249 | U27: 0.017794775 | V27: 0.0084176936 | X27: =S28-S27 -> 0.022232188 | Y27: =T28-T27 -> -0.0032189564 | Z27: =U28-U27 -> -0.0040419818 | AA27: =V28-V27 -> -0.0018977713
B28: 26 | C28: 1.025 | D28: 115.08375 | E28: 0.16488068 | F28: 0.093 | G28: -27.993803 | H28: th1 | J28: 26 | K28: 1.075 | L28: -17.439319 | M28: 4.3946603 | N28: 81.01586 | O28: th2 | R28: 0.875 | S28: -0.06653959 | T28: 0.0027174685 | U28: 0.013752793 | V28: 0.0065199223 | X28: =S29-S28 -> 0.022256776 | Y28: =T29-T28 -> -0.0032225164 | Z28: =U29-U28 -> -0.004046452 | AA28: =V29-V28 -> -0.0018998702
B29: 27 | C29: 1.025 | D29: -17.277157 | E29: 2.8014882 | F29: 1.467 | G29: 91.079277 | H29: th2 | J29: 27 | K29: 1.075 | L29: -30.6239 | M29: 3.7774831 | N29: 80.137346 | O29: tc1 | R29: 0.925 | S29: -0.044282814 | T29: -0.00050504793 | U29: 0.0097063408 | V29: 0.0046200521 | X29: =S30-S29 -> 0.022281697 | Y29: =T30-T29 -> -0.0032261248 | Z29: =U30-U29 -> -0.004050983 | AA29: =V30-V29 -> -0.0019019975
B30: 28 | C30: 1.025 | D30: -30.361872 | E30: 2.1451873 | F30: 1.478 | G30: 92.266114 | H30: tc1 | J30: 28 | K30: 1.075 | L30: -8.7298639 | M30: 4.0354725 | N30: 81.070906 | O30: tc2 | R30: 0.975 | S30: -0.022001117 | T30: -0.0037311727 | U30: 0.0056553578 | V30: 0.0027180546 | X30: =S31-S30 -> 0.022306058 | Y30: =T31-T30 -> -0.0032296519 | Z30: =U31-U30 -> -0.0040554119 | AA30: =V31-V30 -> -0.001904077
B31: 29 | C31: 1.025 | D31: -8.6504991 | E31: 2.4852448 | F31: 1.414 | G31: 91.72426 | H31: tc2 | J31: 29 | K31: 1.125 | L31: 118.14252 | M31: 1.1034424e-10 | N31: -27.428804 | O31: th1 | R31: 1.025 | S31: 0.00030494103 | T31: -0.0069608246 | U31: 0.0015999459 | V31: 0.00081397761 | X31: =S32-S31 -> 0.022330753 | Y31: =T32-T31 -> -0.0032332274 | Z31: =U32-U31 -> -0.0040599016 | AA31: =V32-V31 -> -0.001906185
B32: 30 | C32: 1.025 | D32: -123.51129 | E32: 0.7981123 | F32: 1.242 | G32: 98.733475 | H32: th1 - alt | J32: 30 | K32: 1.125 | L32: -17.462533 | M32: 4.3926578 | N32: 81.021994 | O32: th2 | R32: 1.075 | S32: 0.022635694 | T32: -0.010194052 | U32: -0.0024599557 | V32: -0.0010922074 | X32: =S33-S32 -> 0.022355783 | Y32: =T33-T32 -> -0.0032368515 | Z32: =U33-U32 -> -0.0040644523 | AA32: =V33-V32 -> -0.0019083216
B33: 31 | C33: 1.075 | D33: 115.14252 | E33: 0.16588161 | F33: 0.093 | G33: -28.005173 | H33: th1 | J33: 31 | K33: 1.125 | L33: -30.65198 | M33: 3.7766965 | N33: 80.137611 | O33: tc1 | R33: 1.125 | S33: 0.044991477 | T33: -0.013430904 | U33: -0.0065244081 | V33: -0.0030005289 | X33: =S34-S33 -> 0.02238025 | Y33: =T34-T33 -> -0.0032403941 | Z33: =U34-U33 -> -0.0040689007 | AA33: =V34-V33 -> -0.0019104102
B34: 32 | C34: 1.075 | D34: -17.319134 | E34: 2.799503 | F34: 1.464 | G34: 91.08738 | H34: th2 | J34: 32 | K34: 1.125 | L34: -8.7407281 | M34: 4.0338209 | N34: 81.074703 | O34: tc2 | R34: 1.175 | S34: 0.067371727 | T34: -0.016671298 | U34: -0.010593309 | V34: -0.0049109391 | X34: =S35-S34 -> 0.022405053 | Y34: =T35-T34 -> -0.0032439852 | Z34: =U35-U34 -> -0.00407341 | AA34: =V35-V34 -> -0.0019125273
B35: 33 | C35: 1.075 | D35: -30.408151 | E35: 2.144163 | F35: 1.477 | G35: 92.270636 | H35: tc1 | J35: 33 | K35: 1.175 | L35: 118.20604 | M35: 1.6944021e-06 | N35: -27.437527 | O35: th1 | R35: 1.225 | S35: 0.08977678 | T35: -0.019915283 | U35: -0.014666719 | V35: -0.0068234664
B36: 34 | C36: 1.075 | D36: -8.6709706 | E36: 2.4835445 | F36: 1.411 | G36: 91.73227 | H36: tc2 | J36: 34 | K36: 1.175 | L36: -17.467948 | M36: 4.3932376 | N36: 81.017143 | O36: th2
B37: 35 | C37: 1.075 | D37: -123.45239 | E37: 0.79877953 | F37: 1.241 | G37: 98.732058 | H37: th1 - alt | J37: 35 | K37: 1.175 | L37: -30.666341 | M37: 3.7767977 | N37: 80.134324 | O37: tc1 | X37: 385 | Y37: 400 | Z37: 560 | AA37: 340
B38: 36 | C38: 1.125 | D38: 115.2043 | E38: 0.16653054 | F38: 0.093 | G38: -28.015738 | H38: th1 | J38: 36 | K38: 1.175 | L38: -8.7440401 | M38: 4.0341485 | N38: 81.071238 | O38: tc2
B39: 37 | C39: 1.125 | D39: -17.342262 | E39: 2.7985293 | F39: 1.463 | G39: 91.090846 | H39: th2 | J39: 37 | K39: 1.225 | L39: 118.2689 | M39: 3.4457837e-06 | N39: -27.44613 | O39: th1 | X39: =AVERAGE(X22:X34)*X37% -> 0.081607693 | Y39: =AVERAGE(Y22:Y34)*Y37% -> -0.01227618 | Z39: =AVERAGE(Z22:Z34)*Z37% -> -0.021580949 | AA39: =AVERAGE(AA22:AA34)*AA37% -> -0.006151924
B40: 38 | C40: 1.125 | D40: -30.436067 | E40: 2.1435747 | F40: 1.477 | G40: 92.272656 | H40: tc1 | J40: 38 | K40: 1.225 | L40: -17.47919 | M40: 4.3929567 | N40: 81.016051 | O40: th2 | X40: =_xlfn.STDEV.P(X26:X34) -> 6.3728958e-05 | Y40: =_xlfn.STDEV.P(Y26:Y34) -> 9.2271952e-06 | Z40: =_xlfn.STDEV.P(Z26:Z34) -> 1.1586412e-05 | AA40: =_xlfn.STDEV.P(AA26:AA34) -> 5.4399949e-06
B41: 39 | C41: 1.125 | D41: -8.6817908 | E41: 2.4826713 | F41: 1.411 | G41: 91.735498 | H41: tc2 | J41: 39 | K41: 1.225 | L41: -30.684775 | M41: 3.7766325 | N41: 80.132139 | O41: tc1
B42: 40 | C42: 1.125 | D42: -123.39064 | E42: 0.7994514 | F42: 1.241 | G42: 98.730706 | H42: th1 - alt | J42: 40 | K42: 1.225 | L42: -8.7496418 | M42: 4.0338759 | N42: 81.069924 | O42: tc2
B43: 41 | C43: 1.175 | D43: 115.26809 | E43: 0.16737427 | F43: 0.093 | G43: -28.027478 | H43: th1
B44: 42 | C44: 1.175 | D44: -17.347597 | E44: 2.7984541 | F44: 1.464 | G44: 91.08965 | H44: th2
B45: 43 | C45: 1.175 | D45: -30.450287 | E45: 2.1432888 | F45: 1.477 | G45: 92.272747 | H45: tc1 | L45: =AVERAGE(L31,L27,L23,L19,L15,L11,L7,L3,L35,L39) -> 117.98518 | M45: =AVERAGE(M31,M27,M23,M19,M15,M11,M7,M3,M35,M39) -> 2.4401276e-06 | N45: =AVERAGE(N31,N27,N23,N19,N15,N11,N7,N3,N35,N39) -> -27.407039
B46: 44 | C46: 1.175 | D46: -8.6850649 | E46: 2.4825104 | F46: 1.411 | G46: 91.735028 | H46: tc2 | L46: =AVERAGE(L32,L28,L24,L20,L16,L12,L8,L4,L36,L40) -> -17.440203 | M46: =AVERAGE(M32,M28,M24,M20,M16,M12,M8,M4,M36,M40) -> 4.3926434 | N46: =AVERAGE(N32,N28,N24,N20,N16,N12,N8,N4,N36,N40) -> 81.027333
B47: 45 | C47: 1.175 | D47: -123.32649 | E47: 0.80012799 | F47: 1.241 | G47: 98.729249 | H47: th1 - alt | L47: =AVERAGE(L33,L29,L25,L21,L17,L13,L9,L5,L37,L41) -> -30.612619 | M47: =AVERAGE(M33,M29,M25,M21,M17,M13,M9,M5,M37,M41) -> 3.7767049 | N47: =AVERAGE(N33,N29,N25,N21,N17,N13,N9,N5,N37,N41) -> 80.144552
B48: 46 | C48: 1.225 | D48: 115.33123 | E48: 0.16794396 | F48: 0.1 | G48: -28.042874 | H48: th1 | L48: =AVERAGE(L34,L30,L26,L22,L18,L14,L10,L6,L38,L42) -> -8.7301112 | M48: =AVERAGE(M34,M30,M26,M22,M18,M14,M10,M6,M38,M42) -> 4.0336542 | N48: =AVERAGE(N34,N30,N26,N22,N18,N14,N10,N6,N38,N42) -> 81.081419
B49: 47 | C49: 1.225 | D49: -17.358758 | E49: 2.798093 | F49: 1.464 | G49: 91.09001 | H49: th2
B50: 48 | C50: 1.225 | D50: -30.468576 | E50: 2.1429188 | F50: 1.478 | G50: 92.273413 | H50: tc1
B51: 49 | C51: 1.225 | D51: -8.6906267 | E51: 2.482126 | F51: 1.411 | G51: 91.735665 | H51: tc2
B52: 50 | C52: 1.225 | D52: -123.263 | E52: 0.80080618 | F52: 1.241 | G52: 98.727706 | H52: th1 - alt
D55: =AVERAGE(D48,D43,D38,D33,D28,D23,D18,D13,D8,D3) -> 115.0458 | E55: =AVERAGE(E48,E43,E38,E33,E28,E23,E18,E13,E8,E3) -> 0.16466407 | F55: =AVERAGE(F48,F43,F38,F33,F28,F23,F18,F13,F8,F3) -> 0.0886 | G55: =AVERAGE(G48,G43,G38,G33,G28,G23,G18,G13,G8,G3) -> -27.985496
D56: =AVERAGE(D49,D44,D39,D34,D29,D24,D19,D14,D9,D4) -> -17.320121 | E56: =AVERAGE(E49,E44,E39,E34,E29,E24,E19,E14,E9,E4) -> 2.7991241 | F56: =AVERAGE(F49,F44,F39,F34,F29,F24,F19,F14,F9,F4) -> 1.4627 | G56: =AVERAGE(G49,G44,G39,G34,G29,G24,G19,G14,G9,G4) -> 91.091223
D57: =AVERAGE(D50,D45,D40,D35,D30,D25,D20,D15,D10,D5) -> -30.397057 | E57: =AVERAGE(E50,E45,E40,E35,E30,E25,E20,E15,E10,E5) -> 2.1443506 | F57: =AVERAGE(F50,F45,F40,F35,F30,F25,F20,F15,F10,F5) -> 1.4762 | G57: =AVERAGE(G50,G45,G40,G35,G30,G25,G20,G15,G10,G5) -> 92.271828
D58: =AVERAGE(D51,D46,D41,D36,D31,D26,D21,D16,D11,D6) -> -8.6712723 | E58: =AVERAGE(E51,E46,E41,E36,E31,E26,E21,E16,E11,E6) -> 2.4833771 | F58: =AVERAGE(F51,F46,F41,F36,F31,F26,F21,F16,F11,F6) -> 1.4098 | G58: =AVERAGE(G51,G46,G41,G36,G31,G26,G21,G16,G11,G6) -> 91.735538
D59: =AVERAGE(D52,D47,D42,D37,D32,D27,D22,D17,D12,D7) -> -123.54955 | E59: =AVERAGE(E52,E47,E42,E37,E32,E27,E22,E17,E12,E7) -> 0.79778154 | F59: =AVERAGE(F52,F47,F42,F37,F32,F27,F22,F17,F12,F7) -> 1.2419 | G59: =AVERAGE(G52,G47,G42,G37,G32,G27,G22,G17,G12,G7) -> 98.734059

Sheet Variar Nominales h211 Update
A1: uh211 | B1: Parameter Array (tiempo muerto) | J1: Sin Tiempo Muerto | Q1: error final vs setpoint (en % de sp)
B2: n | C2: Valor | D2: Kp | E2: Tp | F2: Td | G2: % | H2: Salida | J2: n | K2: Valor | L2: Kp | M2: Tp | N2: % | O2: Salida | Q2: n | R2: Valor | S2: th1 | T2: th2 | U2: tc1 | V2: tc2
B3: 1 | C3: 0.775 | D3: 0 | E3: 0 | F3: 0 | G3: 0 | H3: th1 | J3: 1 | K3: 0.775 | L3: 0 | M3: 0 | N3: 0 | O3: th1 | Q3: 1 | R3: 0.75 | S3: -0.010851211 | T3: -0.12512889 | U3: 0.13760328 | V3: -0.06885331 | X3: 0 | Y3: =T4-T3 -> 0.011852873 | Z3: =U4-U3 -> -0.013257181 | AA3: =V4-V3 -> 0.0069879922
B4: 2 | C4: 0.775 | D4: 37.259599 | E4: 0.44645814 | F4: 6.592 | G4: 52.035973 | H4: th2 | J4: 2 | K4: 0.775 | L4: 37.073846 | M4: 4.5473648 | N4: 47.430683 | O4: th2 | Q4: 2 | R4: 0.775 | S4: -0.010851211 | T4: -0.11327601 | U4: 0.1243461 | V4: -0.061865318 | X4: 0 | Y4: =T5-T4 -> 0.011880597 | Z4: =U5-U4 -> -0.01328819 | AA4: =V5-V4 -> 0.0070043373
B5: 3 | C5: 0.775 | D5: -56.804721 | E5: 2.2704147 | F5: 7.37 | G5: 90.909439 | H5: tc1 | J5: 3 | K5: 0.775 | L5: -58.471742 | M5: 10.202183 | N5: 64.189538 | O5: tc1 | Q5: 3 | R5: 0.8 | S5: -0.010851211 | T5: -0.10139542 | U5: 0.11105791 | V5: -0.054860981 | X5: 0 | Y5: =T6-T5 -> 0.011908231 | Z5: =U6-U5 -> -0.013319098 | AA5: =V6-V5 -> 0.0070206291
B6: 4 | C6: 0.775 | D6: 18.790359 | E6: 1.5999787 | F6: 1.782 | G6: 51.304474 | H6: tc2 | J6: 4 | K6: 0.775 | L6: 18.753641 | M6: 2.8353604 | N6: 44.616284 | O6: tc2 | Q6: 4 | R6: 0.825 | S6: -0.010851211 | T6: -0.089487187 | U6: 0.097738817 | V6: -0.047840352 | X6: 0 | Y6: =T7-T6 -> 0.011936044 | Z6: =U7-U6 -> -0.013350205 | AA6: =V7-V6 -> 0.0070370264
B7: 5 | C7: 0.775 | D7: 0 | E7: 0 | F7: 0 | G7: 0 | J7: 5 | K7: 0.825 | L7: 0 | M7: 0 | N7: 0 | O7: th1 | Q7: 5 | R7: 0.85 | S7: -0.010851211 | T7: -0.077551144 | U7: 0.084388611 | V7: -0.040803325 | X7: 0 | Y7: =T8-T7 -> 0.011964036 | Z7: =U8-U7 -> -0.013381515 | AA7: =V8-V7 -> 0.0070535298
B8: 6 | C8: 0.825 | D8: 0 | E8: 0 | F8: 0 | G8: 0 | H8: th1 | J8: 6 | K8: 0.825 | L8: 37.137479 | M8: 4.2135362 | N8: 49.010122 | O8: th2 | Q8: 6 | R8: 0.875 | S8: -0.010851211 | T8: -0.065587107 | U8: 0.071007097 | V8: -0.033749795 | X8: 0 | Y8: =T9-T8 -> 0.011991938 | Z8: =U9-U8 -> -0.013412723 | AA8: =V9-V8 -> 0.0070699798
B9: 7 | C9: 0.825 | D9: 37.279479 | E9: 0.59739444 | F9: 5.588 | G9: 55.876005 | H9: th2 | J9: 7 | K9: 0.825 | L9: -58.471602 | M9: 9.4485644 | N9: 64.67717 | O9: tc1 | Q9: 7 | R9: 0.9 | S9: -0.010851211 | T9: -0.053595169 | U9: 0.057594374 | V9: -0.026679816 | X9: 0 | Y9: =T10-T9 -> 0.012020021 | Z9: =U10-U9 -> -0.013444132 | AA9: =V10-V9 -> 0.0070865362
B10: 8 | C10: 0.825 | D10: -57.084267 | E10: 3.0276406 | F10: 5.854 | G10: 90.678084 | H10: tc1 | J10: 8 | K10: 0.825 | L10: 18.773955 | M10: 2.651127 | N10: 45.585274 | O10: tc2 | Q10: 8 | R10: 0.925 | S10: -0.010851211 | T10: -0.041575148 | U10: 0.044150242 | V10: -0.019593279 | X10: 0 | Y10: =T11-T10 -> 0.012048285 | Z10: =U11-U10 -> -0.013475745 | AA10: =V11-V10 -> 0.0071031998
B11: 9 | C11: 0.825 | D11: 18.809711 | E11: 1.4394883 | F11: 1.739 | G11: 52.640987 | H11: tc2 | J11: 9 | K11: 0.875 | L11: 0 | M11: 0 | N11: 0 | O11: th1 | Q11: 9 | R11: 0.95 | S11: -0.010851211 | T11: -0.029526863 | U11: 0.030674496 | V11: -0.01249008 | X11: 0 | Y11: =T12-T11 -> 0.012076459 | Z11: =U12-U11 -> -0.013507257 | AA11: =V12-V11 -> 0.0071198098
B12: 10 | C12: 0.825 | D12: 0 | E12: 0 | F12: 0 | G12: 0 | J12: 10 | K12: 0.875 | L12: 37.142379 | M12: 3.8705004 | N12: 50.888582 | O12: th2 | Q12: 10 | R12: 0.975 | S12: -0.010851211 | T12: -0.017450404 | U12: 0.01716724 | V12: -0.0053702698 | X12: 0 | Y12: =T13-T12 -> 0.012104814 | Z12: =U13-U12 -> -0.013538972 | AA12: =V13-V12 -> 0.0071365272
B13: 11 | C13: 0.875 | D13: 0 | E13: 0 | F13: 0 | G13: 0 | H13: th1 | J13: 11 | K13: 0.875 | L13: -58.412816 | M13: 8.5638139 | N13: 64.956696 | O13: tc1 | Q13: 11 | R13: 1 | S13: -0.010851211 | T13: -0.0053455894 | U13: 0.0036282676 | V13: 0.0017662574 | X13: 0 | Y13: =T14-T13 -> 0.012133354 | Z13: =U14-U13 -> -0.013570892 | AA13: =V14-V13 -> 0.0071533527
B14: 12 | C14: 0.875 | D14: 36.818732 | E14: 0.12682507 | F14: 5.89 | G14: 56.697709 | H14: th2 | J14: 12 | K14: 0.875 | L14: 18.760352 | M14: 2.4350034 | N14: 46.552107 | O14: tc2 | Q14: 12 | R14: 1.025 | S14: -0.010851211 | T14: 0.0067877641 | U14: -0.0099426247 | V14: 0.00891961 | X14: 0 | Y14: =T15-T14 -> 0.012161802 | Z14: =U15-U14 -> -0.013602711 | AA14: =V15-V14 -> 0.0071701245
B15: 13 | C15: 0.875 | D15: -56.954309 | E15: 1.2946947 | F15: 7.135 | G15: 84.095344 | H15: tc1 | J15: 13 | K15: 0.925 | L15: 0 | M15: 0 | N15: 0 | O15: th1 | Q15: 13 | R15: 1.05 | S15: -0.010851211 | T15: 0.018949566 | U15: -0.023545336 | V15: 0.016089735 | X15: 0 | Y15: =T16-T15 -> 0.012190433 | Z15: =U16-U15 -> -0.013634735 | AA15: =V16-V15 -> 0.0071870048
B16: 14 | C16: 0.875 | D16: 18.792726 | E16: 1.2465845 | F16: 1.686 | G16: 53.984637 | H16: tc2 | J16: 14 | K16: 0.925 | L16: 37.173901 | M16: 3.453677 | N16: 50.080092 | O16: th2 | Q16: 14 | R16: 1.075 | S16: -0.010851211 | T16: 0.031139999 | U16: -0.037180071 | V16: 0.023276739 | X16: 0 | Y16: =T17-T16 -> 0.01221925 | Z16: =U17-U16 -> -0.013666966 | AA16: =V17-V16 -> 0.0072039942
B17: 15 | C17: 0.875 | D17: 0 | E17: 0 | F17: 0 | G17: 0 | J17: 15 | K17: 0.925 | L17: -58.346701 | M17: 7.6171263 | N17: 65.667869 | O17: tc1 | Q17: 15 | R17: 1.1 | S17: -0.010851211 | T17: 0.04335925 | U17: -0.050847037 | V17: 0.030480734 | X17: 0 | Y17: =T18-T17 -> 0.012247976 | Z17: =U18-U17 -> -0.013699095 | AA17: =V18-V17 -> 0.0072209297
B18: 16 | C18: 0.925 | D18: 0 | E18: 0 | F18: 0 | G18: 0 | H18: th1 | J18: 16 | K18: 0.925 | L18: 18.75886 | M18: 2.1450714 | N18: 47.331063 | O18: tc2 | Q18: 16 | R18: 1.125 | S18: -0.010851211 | T18: 0.055607226 | U18: -0.064546132 | V18: 0.037701663 | X18: 0 | Y18: =T19-T18 -> 0.012276887 | Z18: =U19-U18 -> -0.013731432 | AA18: =V19-V18 -> 0.0072379747
B19: 17 | C19: 0.925 | D19: 37.319456 | E19: 0.29777899 | F19: 4.824 | G19: 58.067807 | H19: th2 | J19: 17 | K19: 0.975 | L19: 0 | M19: 0 | N19: 0 | O19: th1 | Q19: 17 | R19: 1.15 | S19: -0.010851211 | T19: 0.067884113 | U19: -0.078277564 | V19: 0.044939638 | X19: 0 | Y19: =T20-T19 -> 0.012305986 | Z19: =U20-U19 -> -0.013763978 | AA19: =V20-V19 -> 0.0072551298
B20: 18 | C20: 0.925 | D20: -57.202281 | E20: 1.9439859 | F20: 5.372 | G20: 91.984127 | H20: tc1 | J20: 18 | K20: 0.975 | L20: 37.263379 | M20: 1.7591667 | N20: 58.531948 | O20: th2 | Q20: 18 | R20: 1.175 | S20: -0.010851211 | T20: 0.080190099 | U20: -0.092041541 | V20: 0.052194768 | X20: 0 | Y20: =T21-T20 -> 0.012334992 | Z20: =U21-U20 -> -0.013796421 | AA20: =V21-V20 -> 0.007272231
B21: 19 | C21: 0.925 | D21: 18.787652 | E21: 0.98402663 | F21: 1.627 | G21: 55.28292 | H21: tc2 | J21: 19 | K21: 0.975 | L21: -57.862051 | M21: 4.658077 | N21: 76.01095 | O21: tc1 | Q21: 19 | R21: 1.2 | S21: -0.010851211 | T21: 0.092525091 | U21: -0.10583796 | V21: 0.059466999 | X21: 0 | Y21: =T22-T21 -> 0.012364186 | Z21: =U22-U21 -> -0.013829074 | AA21: =V22-V21 -> 0.0072894426
B22: 20 | C22: 0.925 | D22: 0 | E22: 0 | F22: 0 | G22: 0 | J22: 20 | K22: 0.975 | L22: 18.786773 | M22: 1.2076187 | N22: 49.805686 | O22: tc2 | Q22: 20 | R22: 1.225 | S22: -0.010851211 | T22: 0.10488928 | U22: -0.11966704 | V22: 0.066756441 | X22: 0 | Y22: =T23-T22 -> 0.012393569 | Z22: =U23-U22 -> -0.013861937 | AA22: =V23-V22 -> 0.0073067654
B23: 21 | C23: 0.975 | D23: 0 | E23: 0 | F23: 0 | G23: 0 | H23: th1 | J23: 21 | K23: 1.025 | L23: 0 | M23: 0 | N23: 0 | O23: th1 | Q23: 21 | R23: 1.25 | S23: -0.010851211 | T23: 0.11728285 | U23: -0.13352897 | V23: 0.074063207
B24: 22 | C24: 0.975 | D24: 37.311865 | E24: 0.5084493 | F24: 1.685 | G24: 69.793694 | H24: th2 | J24: 22 | K24: 1.025 | L24: 37.301181 | M24: 1.790439 | N24: 55.393992 | O24: th2
B25: 23 | C25: 0.975 | D25: -57.288691 | E25: 1.5556535 | F25: 3.218 | G25: 86.485932 | H25: tc1 | J25: 23 | K25: 1.025 | L25: -57.942366 | M25: 4.3978873 | N25: 73.049014 | O25: tc1
B26: 24 | C26: 0.975 | D26: 18.593422 | E26: 0.13718649 | F26: 1.782 | G26: 60.128649 | H26: tc2 | J26: 24 | K26: 1.025 | L26: 18.785316 | M26: 1.2171659 | N26: 46.33393 | O26: tc2 | R26: 0.775 | S26: -0.010851211 | T26: -0.11327601 | U26: 0.1243461 | V26: -0.061865318 | X26: 0 | Y26: =T27-T26 -> 0.023788828 | Z26: =U27-U26 -> -0.026607287 | AA26: =V27-V26 -> 0.014024966
B27: 25 | C27: 0.975 | D27: 0 | E27: 0 | F27: 0 | G27: 0 | J27: 25 | K27: 1.075 | L27: 0 | M27: 0 | N27: 0 | O27: th1 | R27: 0.825 | S27: -0.010851211 | T27: -0.089487187 | U27: 0.097738817 | V27: -0.047840352 | X27: 0 | Y27: =T28-T27 -> 0.02390008 | Z27: =U28-U27 -> -0.02673172 | AA27: =V28-V27 -> 0.014090556
B28: 26 | C28: 1.025 | D28: 0 | E28: 0 | F28: 0 | G28: 0 | H28: th1 | J28: 26 | K28: 1.075 | L28: 37.444838 | M28: 3.4554227 | N28: 50.156241 | O28: th2 | R28: 0.875 | S28: -0.010851211 | T28: -0.065587107 | U28: 0.071007097 | V28: -0.033749795 | X28: 0 | Y28: =T29-T28 -> 0.024011959 | Z28: =U29-U28 -> -0.026856855 | AA28: =V29-V28 -> 0.014156516
B29: 27 | C29: 1.025 | D29: 37.336643 | E29: 0.52110262 | F29: 1.678 | G29: 68.559699 | H29: th2 | J29: 27 | K29: 1.075 | L29: -58.74704 | M29: 7.6044812 | N29: 65.712801 | O29: tc1 | R29: 0.925 | S29: -0.010851211 | T29: -0.041575148 | U29: 0.044150242 | V29: -0.019593279 | X29: 0 | Y29: =T30-T29 -> 0.024124744 | Z29: =U30-U29 -> -0.026983002 | AA29: =V30-V29 -> 0.01422301
B30: 28 | C30: 1.025 | D30: -57.333387 | E30: 1.1148934 | F30: 3.379 | G30: 86.44847 | H30: tc1 | J30: 28 | K30: 1.075 | L30: 18.892862 | M30: 2.1484347 | N30: 47.587211 | O30: tc2 | R30: 0.975 | S30: -0.010851211 | T30: -0.017450404 | U30: 0.01716724 | V30: -0.0053702698 | X30: 0 | Y30: =T31-T30 -> 0.024238168 | Z30: =U31-U30 -> -0.027109864 | AA30: =V31-V30 -> 0.01428988
B31: 29 | C31: 1.025 | D31: 18.640456 | E31: 0.13056021 | F31: 1.781 | G31: 59.322846 | H31: tc2 | J31: 29 | K31: 1.125 | L31: 0 | M31: 0 | N31: 0 | O31: th1 | R31: 1.025 | S31: -0.010851211 | T31: 0.0067877641 | U31: -0.0099426247 | V31: 0.00891961 | X31: 0 | Y31: =T32-T31 -> 0.024352235 | Z31: =U32-U31 -> -0.027237446 | AA31: =V32-V31 -> 0.014357129
B32: 30 | C32: 1.025 | D32: 0 | E32: 0 | F32: 0 | G32: 0 | J32: 30 | K32: 1.125 | L32: 37.602601 | M32: 3.7351882 | N32: 50.463662 | O32: th2 | R32: 1.075 | S32: -0.010851211 | T32: 0.031139999 | U32: -0.037180071 | V32: 0.023276739 | X32: 0 | Y32: =T33-T32 -> 0.024467227 | Z32: =U33-U32 -> -0.027366061 | AA32: =V33-V32 -> 0.014424924
B33: 31 | C33: 1.075 | D33: 0 | E33: 0 | F33: 0 | G33: 0 | H33: th1 | J33: 31 | K33: 1.125 | L33: -59.030114 | M33: 8.3347051 | N33: 65.761159 | O33: tc1 | R33: 1.125 | S33: -0.010851211 | T33: 0.055607226 | U33: -0.064546132 | V33: 0.037701663 | X33: 0 | Y33: =T34-T33 -> 0.024582873 | Z33: =U34-U33 -> -0.027495409 | AA33: =V34-V33 -> 0.014493105
B34: 32 | C34: 1.075 | D34: 37.590432 | E34: 0.28999602 | F34: 4.829 | G34: 58.235805 | H34: th2 | J34: 32 | K34: 1.125 | L34: 18.999502 | M34: 2.3379957 | N34: 46.674147 | O34: tc2 | R34: 1.175 | S34: -0.010851211 | T34: 0.080190099 | U34: -0.092041541 | V34: 0.052194768 | X34: 0 | Y34: =T35-T34 -> 0.024699178 | Z34: =U35-U34 -> -0.027625494 | AA34: =V35-V34 -> 0.014561674
B35: 33 | C35: 1.075 | D35: -57.596876 | E35: 1.940235 | F35: 5.366 | G35: 91.990637 | H35: tc1 | J35: 33 | K35: 1.175 | L35: 0 | M35: 0 | N35: 0 | O35: th1 | R35: 1.225 | S35: -0.010851211 | T35: 0.10488928 | U35: -0.11966704 | V35: 0.066756441
B36: 34 | C36: 1.075 | D36: 18.921225 | E36: 0.98542314 | F36: 1.627 | G36: 55.58885 | H36: tc2 | J36: 34 | K36: 1.175 | L36: 37.715406 | M36: 4.1371269 | N36: 48.33561 | O36: th2
B37: 35 | C37: 1.075 | D37: 0 | E37: 0 | F37: 0 | G37: 0 | J37: 35 | K37: 1.175 | L37: -59.329028 | M37: 9.172536 | N37: 64.992498 | O37: tc1 | X37: 385 | Y37: 400 | Z37: 560 | AA37: 340
B38: 36 | C38: 1.125 | D38: 0 | E38: 0 | F38: 0 | G38: 0 | H38: th1 | J38: 36 | K38: 1.175 | L38: 19.063082 | M38: 2.5607155 | N38: 45.858216 | O38: tc2
B39: 37 | C39: 1.125 | D39: 37.378777 | E39: 0.11062913 | F39: 5.914 | G39: 52.883855 | H39: th2 | J39: 37 | K39: 1.225 | L39: 0 | M39: 0 | N39: 0 | O39: th1 | X39: =AVERAGE(X22:X34)*X37% -> 0 | Y39: =AVERAGE(Y22:Y34)*Y37% -> 0.092223544 | Z39: =AVERAGE(Z22:Z34)*Z37% -> -0.14441004 | AA39: =AVERAGE(AA22:AA34)*AA37% -> 0.046215698
B40: 38 | C40: 1.125 | D40: -57.664232 | E40: 1.7177553 | F40: 6.334 | G40: 89.523754 | H40: tc1 | J40: 38 | K40: 1.225 | L40: 37.885958 | M40: 4.4437284 | N40: 47.691895 | O40: th2 | X40: =_xlfn.STDEV.P(X26:X34) -> 0 | Y40: =_xlfn.STDEV.P(Y26:Y34) -> 0.00029382987 | Z40: =_xlfn.STDEV.P(Z26:Z34) -> 0.00032864233 | AA40: =_xlfn.STDEV.P(AA26:AA34) -> 0.00017323065
B41: 39 | C41: 1.125 | D41: 19.037913 | E41: 1.1477134 | F41: 1.707 | G41: 54.794528 | H41: tc2 | J41: 39 | K41: 1.225 | L41: -59.684276 | M41: 9.9821569 | N41: 64.732745 | O41: tc1
B42: 40 | C42: 1.125 | D42: 0 | E42: 0 | F42: 0 | G42: 0 | J42: 40 | K42: 1.225 | L42: 19.164787 | M42: 2.7473544 | N42: 45.159397 | O42: tc2
B43: 41 | C43: 1.175 | D43: 0 | E43: 0 | F43: 0 | G43: 0 | H43: th1
B44: 42 | C44: 1.175 | D44: 37.869062 | E44: 0.58137879 | F44: 5.578 | G44: 54.371568 | H44: th2
B45: 43 | C45: 1.175 | D45: -57.883776 | E45: 2.233898 | F45: 6.498 | G45: 91.584165 | H45: tc1 | L45: =AVERAGE(L31,L27,L23,L19,L15,L11,L7,L3,L35,L39) -> 0 | M45: =AVERAGE(M31,M27,M23,M19,M15,M11,M7,M3,M35,M39) -> 0 | N45: =AVERAGE(N31,N27,N23,N19,N15,N11,N7,N3,N35,N39) -> 0
B46: 44 | C46: 1.175 | D46: 19.100428 | E46: 1.3420996 | F46: 1.747 | G46: 53.389171 | H46: tc2 | L46: =AVERAGE(L32,L28,L24,L20,L16,L12,L8,L4,L36,L40) -> 37.374097 | M46: =AVERAGE(M32,M28,M24,M20,M16,M12,M8,M4,M36,M40) -> 3.540615 | N46: =AVERAGE(N32,N28,N24,N20,N16,N12,N8,N4,N36,N40) -> 50.798283
B47: 45 | C47: 1.175 | D47: 0 | E47: 0 | F47: 0 | G47: 0 | L47: =AVERAGE(L33,L29,L25,L21,L17,L13,L9,L5,L37,L41) -> -58.629774 | M47: =AVERAGE(M33,M29,M25,M21,M17,M13,M9,M5,M37,M41) -> 7.9981531 | N47: =AVERAGE(N33,N29,N25,N21,N17,N13,N9,N5,N37,N41) -> 66.975044
B48: 46 | C48: 1.225 | D48: 0 | E48: 0 | F48: 0 | G48: 0 | H48: th1 | L48: =AVERAGE(L34,L30,L26,L22,L18,L14,L10,L6,L38,L42) -> 18.873913 | M48: =AVERAGE(M34,M30,M26,M22,M18,M14,M10,M6,M38,M42) -> 2.2285847 | N48: =AVERAGE(N34,N30,N26,N22,N18,N14,N10,N6,N38,N42) -> 46.550332
B49: 47 | C49: 1.225 | D49: 37.973495 | E49: 1.3006218 | F49: 4.567 | G49: 55.965026 | H49: th2
B50: 48 | C50: 1.225 | D50: -58.012753 | E50: 2.2997959 | F50: 7.16 | G50: 90.382357 | H50: tc1
B51: 49 | C51: 1.225 | D51: 19.203379 | E51: 1.5078792 | F51: 1.783 | G51: 52.283783 | H51: tc2
B52: 50 | C52: 1.225 | D52: 0 | E52: 0 | F52: 0 | G52: 0
D55: =AVERAGE(D48,D43,D38,D33,D28,D23,D18,D13,D8,D3) -> 0 | E55: =AVERAGE(E48,E43,E38,E33,E28,E23,E18,E13,E8,E3) -> 0 | F55: =AVERAGE(F48,F43,F38,F33,F28,F23,F18,F13,F8,F3) -> 0 | G55: =AVERAGE(G48,G43,G38,G33,G28,G23,G18,G13,G8,G3) -> 0
D56: =AVERAGE(D49,D44,D39,D34,D29,D24,D19,D14,D9,D4) -> 37.413754 | E56: =AVERAGE(E49,E44,E39,E34,E29,E24,E19,E14,E9,E4) -> 0.47806343 | F56: =AVERAGE(F49,F44,F39,F34,F29,F24,F19,F14,F9,F4) -> 4.7145 | G56: =AVERAGE(G49,G44,G39,G34,G29,G24,G19,G14,G9,G4) -> 58.248714
D57: =AVERAGE(D50,D45,D40,D35,D30,D25,D20,D15,D10,D5) -> -57.382529 | E57: =AVERAGE(E50,E45,E40,E35,E30,E25,E20,E15,E10,E5) -> 1.9398967 | F57: =AVERAGE(F50,F45,F40,F35,F30,F25,F20,F15,F10,F5) -> 5.7686 | G57: =AVERAGE(G50,G45,G40,G35,G30,G25,G20,G15,G10,G5) -> 89.408231
D58: =AVERAGE(D51,D46,D41,D36,D31,D26,D21,D16,D11,D6) -> 18.867727 | E58: =AVERAGE(E51,E46,E41,E36,E31,E26,E21,E16,E11,E6) -> 1.052094 | F58: =AVERAGE(F51,F46,F41,F36,F31,F26,F21,F16,F11,F6) -> 1.7261 | G58: =AVERAGE(G51,G46,G41,G36,G31,G26,G21,G16,G11,G6) -> 54.872085
D59: =AVERAGE(D52,D47,D42,D37,D32,D27,D22,D17,D12,D7) -> 0 | E59: =AVERAGE(E52,E47,E42,E37,E32,E27,E22,E17,E12,E7) -> 0 | F59: =AVERAGE(F52,F47,F42,F37,F32,F27,F22,F17,F12,F7) -> 0 | G59: =AVERAGE(G52,G47,G42,G37,G32,G27,G22,G17,G12,G7) -> 0

Sheet Variar Nominales h222 Update
A1: uh211 | B1: Parameter Array (tiempo muerto) | J1: Sin Tiempo Muerto | Q1: error final vs setpoint (en % de sp)
B2: n | C2: Valor | D2: Kp | E2: Tp | F2: Td | G2: % | H2: Salida | J2: n | K2: Valor | L2: Kp | M2: Tp | N2: % | O2: Salida | Q2: n | R2: Valor | S2: th1 | T2: th2 | U2: tc1 | V2: tc2
B3: 1 | C3: 0.775 | D3: 0 | E3: 0 | F3: 0 | G3: 0 | H3: th1 | J3: 1 | K3: 0.775 | L3: 0 | M3: 0 | N3: 0 | O3: th1 | Q3: 1 | R3: 0.75 | S3: -0.010851211 | T3: -0.18784202 | U3: 0.0036282196 | V3: 0.11830341 | X3: 0 | Y3: =T4-T3 -> 0.01795397 | Z3: =U4-U3 -> 0 | AA3: =V4-V3 -> -0.011464902
B4: 2 | C4: 0.775 | D4: 39.451297 | E4: 0.11146363 | F4: 7.959 | G4: 21.351001 | H4: th2 | J4: 2 | K4: 0.775 | L4: 39.793731 | M4: 3.9960852 | N4: 12.536555 | O4: th2 | Q4: 2 | R4: 0.775 | S4: -0.010851211 | T4: -0.16988805 | U4: 0.0036282196 | V4: 0.10683851 | X4: 0 | Y4: =T5-T4 -> 0.018018753 | Z4: =U5-U4 -> 0 | AA4: =V5-V4 -> -0.01150627
B5: 3 | C5: 0.775 | D5: 0 | E5: 0 | F5: 0 | G5: 0 | H5: tc1 | J5: 3 | K5: 0.775 | L5: 0 | M5: 0 | N5: 0 | O5: tc1 | Q5: 3 | R5: 0.8 | S5: -0.010851211 | T5: -0.1518693 | U5: 0.0036282196 | V5: 0.095332242 | X5: 0 | Y5: =T6-T5 -> 0.018083878 | Z5: =U6-U5 -> 0 | AA5: =V6-V5 -> -0.011547858
B6: 4 | C6: 0.775 | D6: -19.417842 | E6: 1.8947412 | F6: 13.602 | G6: 93.375263 | H6: tc2 | J6: 4 | K6: 0.775 | L6: -20.82971 | M6: 18.297911 | N6: 56.270129 | O6: tc2 | Q6: 4 | R6: 0.825 | S6: -0.010851211 | T6: -0.13378542 | U6: 0.0036282196 | V6: 0.083784385 | X6: 0 | Y6: =T7-T6 -> 0.018149348 | Z6: =U7-U6 -> 0 | AA6: =V7-V6 -> -0.011589665
B7: 5 | C7: 0.775 | D7: 39.451297 | E7: 0.11146363 | F7: 7.959 | G7: 21.351001 | H7: th2 - alt | J7: 5 | K7: 0.825 | L7: 0 | M7: 0 | N7: 0 | O7: th1 | Q7: 5 | R7: 0.85 | S7: -0.010851211 | T7: -0.11563607 | U7: 0.0036282196 | V7: 0.07219472 | X7: 0 | Y7: =T8-T7 -> 0.018215165 | Z7: =U8-U7 -> 0 | AA7: =V8-V7 -> -0.011631694
B8: 6 | C8: 0.825 | D8: 0 | E8: 0 | F8: 0 | G8: 0 | H8: th1 | J8: 6 | K8: 0.825 | L8: 40.123523 | M8: 2.9035193 | N8: 14.026083 | O8: th2 | Q8: 6 | R8: 0.875 | S8: -0.010851211 | T8: -0.097420909 | U8: 0.0036282196 | V8: 0.060563027 | X8: 0 | Y8: =T9-T8 -> 0.018281331 | Z8: =U9-U8 -> 0 | AA8: =V9-V8 -> -0.011673946
B9: 7 | C9: 0.825 | D9: 41.186645 | E9: 0.050972616 | F9: 5.942 | G9: 21.275639 | H9: th2 | J9: 7 | K9: 0.825 | L9: 0 | M9: 0 | N9: 0 | O9: tc1 | Q9: 7 | R9: 0.9 | S9: -0.010851211 | T9: -0.079139577 | U9: 0.0036282196 | V9: 0.048889081 | X9: 0 | Y9: =T10-T9 -> 0.01834785 | Z9: =U10-U9 -> 0 | AA9: =V10-V9 -> -0.011716422
B10: 8 | C10: 0.825 | D10: 0 | E10: 0 | F10: 0 | G10: 0 | H10: tc1 | J10: 8 | K10: 0.825 | L10: -20.528142 | M10: 14.912822 | N10: 59.512818 | O10: tc2 | Q10: 8 | R10: 0.925 | S10: -0.010851211 | T10: -0.060791728 | U10: 0.0036282196 | V10: 0.037172659 | X10: 0 | Y10: =T11-T10 -> 0.018414722 | Z10: =U11-U10 -> 0 | AA10: =V11-V10 -> -0.011759125
B11: 9 | C11: 0.825 | D11: -19.452318 | E11: 0.72976867 | F11: 13.243 | G11: 80.356953 | H11: tc2 | J11: 9 | K11: 0.875 | L11: 0 | M11: 0 | N11: 0 | O11: th1 | Q11: 9 | R11: 0.95 | S11: -0.010851211 | T11: -0.042377006 | U11: 0.0036282196 | V11: 0.025413534 | X11: 0 | Y11: =T12-T11 -> 0.018481951 | Z11: =U12-U11 -> 0 | AA11: =V12-V11 -> -0.011802056
B12: 10 | C12: 0.825 | D12: 41.186645 | E12: 0.050963897 | F12: 5.942 | G12: 21.275639 | H12: th2 - alt | J12: 10 | K12: 0.875 | L12: 39.653905 | M12: 2.8525005 | N12: 12.747759 | O12: th2 | Q12: 10 | R12: 0.975 | S12: -0.010851211 | T12: -0.023895054 | U12: 0.0036282196 | V12: 0.013611478 | X12: 0 | Y12: =T13-T12 -> 0.01854954 | Z12: =U13-U12 -> 0 | AA12: =V13-V12 -> -0.011845216
B13: 11 | C13: 0.875 | D13: 0 | E13: 0 | F13: 0 | G13: 0 | H13: th1 | J13: 11 | K13: 0.875 | L13: 0 | M13: 0 | N13: 0 | O13: tc1 | Q13: 11 | R13: 1 | S13: -0.010851211 | T13: -0.0053455147 | U13: 0.0036282196 | V13: 0.0017662624 | X13: 0 | Y13: =T14-T13 -> 0.01861749 | Z13: =U14-U13 -> 0 | AA13: =V14-V13 -> -0.011888607
B14: 12 | C14: 0.875 | D14: 39.033412 | E14: 0.13461036 | F14: 6.927 | G14: 14.254137 | H14: th2 | J14: 12 | K14: 0.875 | L14: -20.470309 | M14: 13.621988 | N14: 58.13391 | O14: tc2 | Q14: 12 | R14: 1.025 | S14: -0.010851211 | T14: 0.013271975 | U14: 0.0036282196 | V14: -0.010122344 | X14: 0 | Y14: =T15-T14 -> 0.018685712 | Z14: =U15-U14 -> 0 | AA14: =V15-V14 -> -0.011932172
... B18: 16 | C18: 0.925 | D18: 0 | E18: 0 | F18: 0 | G18: 0 | H18: th1 | J18: 16 | K18: 0.925 | L18: -20.241617 | M18: 10.414436 | N18: 60.999223 | O18: tc2 | Q18: 16 | R18: 1.125 | S18: -0.010851211 | T18: 0.088428661 | U18: 0.0036282196 | V18: -0.058115297 | X18: 0 | Y18: =T19-T18 -> 0.018962752 | Z18: =U19-U18 -> 0 | AA18: =V19-V18 -> -0.012109082
B19: 17 | C19: 0.925 | D19: 39.790103 | E19: 0.11561955 | F19: 3.973 | G19: 16.084924 | H19: th2 | J19: 17 | K19: 0.975 | L19: 0 | M19: 0 | N19: 0 | O19: th1 | Q19: 17 | R19: 1.15 | S19: -0.010851211 | T19: 0.10739141 | U19: 0.0036282196 | V19: -0.070224378 | X19: 0 | Y19: =T20-T19 -> 0.019032925 | Z19: 0 | AA19: =V20-V19 -> -0.012153892
B20: 18 | C20: 0.925 | D20: 0 | E20: 0 | F20: 0 | G20: 0 | H20: tc1 | J20: 18 | K20: 0.975 | L20: 39.411474 | M20: 1.5831482 | N20: 16.793137 | O20: th2 | Q20: 18 | R20: 1.175 | S20: -0.010851211 | T20: 0.12642434 | U20: 0.0036282196 | V20: -0.082378271 | X20: 0 | Y20: =T21-T20 -> 0.019103478 | Z20: 0 | AA20: =V21-V20 -> -0.012198945
B21: 19 | C21: 0.925 | D21: -19.591208 | E21: 0.14948027 | F21: 11.476 | G21: 61.094661 | H21: tc2 | J21: 19 | K21: 0.975 | L21: 0 | M21: 0 | N21: 0 | O21: tc1 | Q21: 19 | R21: 1.2 | S21: -0.010851211 | T21: 0.14552782 | U21: 0.0036282196 | V21: -0.094577216 | X21: 0 | Y21: =T22-T21 -> 0.019174413 | Z21: 0 | AA21: =V22-V21 -> -0.012244242
B22: 20 | C22: 0.925 | D22: 39.790103 | E22: 0.11561958 | F22: 3.973 | G22: 16.084924 | H22: th2 - alt | J22: 20 | K22: 0.975 | L22: -20.194471 | M22: 8.9834101 | N22: 63.539383 | O22: tc2 | Q22: 20 | R22: 1.225 | S22: -0.010851211 | T22: 0.16470223 | U22: 0.0036282196 | V22: -0.10682146 | X22: 0 | Y22: =T23-T22 -> 0.019245733 | Z22: 0 | AA22: =V23-V22 -> -0.012289785
B23: 21 | C23: 0.975 | D23: 0 | E23: 0 | F23: 0 | G23: 0 | H23: th1 | J23: 21 | K23: 1.025 | L23: 0 | M23: 0 | N23: 0 | O23: th1 | Q23: 21 | R23: 1.25 | S23: -0.010851211 | T23: 0.18394796 | U23: 0.0036282196 | V23: -0.11911124
B24: 22 | C24: 0.975 | D24: 35.055557 | E24: 0.14109866 | F24: 3.739 | G24: 13.828795 | H24: th2 | J24: 22 | K24: 1.025 | L24: 39.571318 | M24: 1.5335653 | N24: 13.624871 | O24: th2
B25: 23 | C25: 0.975 | D25: 0 | E25: 0 | F25: 0 | G25: 0 | H25: tc1 | J25: 23 | K25: 1.025 | L25: 0 | M25: 0 | N25: 0 | O25: tc1
B26: 24 | C26: 0.975 | D26: -19.677234 | E26: 1.1467491 | F26: 7.49 | G26: 90.265517 | H26: tc2 | J26: 24 | K26: 1.025 | L26: -20.251483 | M26: 8.8585169 | N26: 61.936516 | O26: tc2 | R26: 0.775 | S26: -0.010851211 | T26: -0.16988805 | U26: 0.0036282196 | V26: 0.10683851 | X26: 0 | Y26: =T27-T26 -> 0.036102631 | Z26: =U27-U26 -> 0 | AA26: =V27-V26 -> -0.023054128
B27: 25 | C27: 0.975 | D27: 35.055557 | E27: 0.14109866 | F27: 3.739 | G27: 13.828795 | H27: th2 - alt | J27: 25 | K27: 1.075 | L27: 0 | M27: 0 | N27: 0 | O27: th1 | R27: 0.825 | S27: -0.010851211 | T27: -0.13378542 | U27: 0.0036282196 | V27: 0.083784385 | X27: 0 | Y27: =T28-T27 -> 0.036364513 | Z27: =U28-U27 -> 0 | AA27: =V28-V27 -> -0.023221358
B28: 26 | C28: 1.025 | D28: 0 | E28: 0 | F28: 0 | G28: 0 | H28: th1 | J28: 26 | K28: 1.075 | L28: 40.273858 | M28: 1.8447372 | N28: 12.089616 | O28: th2 | R28: 0.875 | S28: -0.010851211 | T28: -0.097420909 | U28: 0.0036282196 | V28: 0.060563027 | X28: 0 | Y28: =T29-T28 -> 0.036629181 | Z28: =U29-U28 -> 0 | AA28: =V29-V28 -> -0.023390368
B29: 27 | C29: 1.025 | D29: 36.343186 | E29: 0.15259188 | F29: 5.818 | G29: -10.957077 | H29: th2 | J29: 27 | K29: 1.075 | L29: 0 | M29: 0 | N29: 0 | O29: tc1 | R29: 0.925 | S29: -0.010851211 | T29: -0.060791728 | U29: 0.0036282196 | V29: 0.037172659 | X29: 0 | Y29: =T30-T29 -> 0.036896673 | Z29: =U30-U29 -> 0 | AA29: =V30-V29 -> -0.023561181
B30: 28 | C30: 1.025 | D30: 0 | E30: 0 | F30: 0 | G30: 0 | H30: tc1 | J30: 28 | K30: 1.075 | L30: -20.464308 | M30: 10.428412 | N30: 60.972088 | O30: tc2 | R30: 0.975 | S30: -0.010851211 | T30: -0.023895054 | U30: 0.0036282196 | V30: 0.013611478 | X30: 0 | Y30: =T31-T30 -> 0.037167029 | Z30: 0 | AA30: =V31-V30 -> -0.023733822
B31: 29 | C31: 1.025 | D31: -19.742137 | E31: 1.0921889 | F31: 7.471 | G31: 88.974139 | H31: tc2 | J31: 29 | K31: 1.125 | L31: 0 | M31: 0 | N31: 0 | O31: th1 | R31: 1.025 | S31: -0.010851211 | T31: 0.013271975 | U31: 0.0036282196 | V31: -0.010122344 | X31: 0 | Y31: =T32-T31 -> 0.037440196 | Z31: 0 | AA31: =V32-V31 -> -0.023908259
B32: 30 | C32: 1.025 | D32: 36.343186 | E32: 0.15259188 | F32: 5.818 | G32: -10.957077 | H32: th2 - alt | J32: 30 | K32: 1.125 | L32: 40.302544 | M32: 2.8757905 | N32: 15.354479 | O32: th2 | R32: 1.075 | S32: -0.010851211 | T32: 0.050712171 | U32: 0.0036282196 | V32: -0.034030604 | X32: 0 | Y32: =T33-T32 -> 0.03771649 | Z32: 0 | AA32: =V33-V32 -> -0.024084693
B33: 31 | C33: 1.075 | D33: 0 | E33: 0 | F33: 0 | G33: 0 | H33: th1 | J33: 31 | K33: 1.125 | L33: 0 | M33: 0 | N33: 0 | O33: tc1 | R33: 1.125 | S33: -0.010851211 | T33: 0.088428661 | U33: 0.0036282196 | V33: -0.058115297 | X33: 0 | Y33: =T34-T33 -> 0.037995677 | Z33: 0 | AA33: =V34-V33 -> -0.024262974
B34: 32 | C34: 1.075 | D34: 40.086183 | E34: 0.12169935 | F34: 3.954 | G34: 16.720894 | H34: th2 | J34: 32 | K34: 1.125 | L34: -20.850165 | M34: 13.64807 | N34: 59.47668 | O34: tc2 | R34: 1.175 | S34: -0.010851211 | T34: 0.12642434 | U34: 0.0036282196 | V34: -0.082378271 | X34: 0 | Y34: =T35-T34 -> 0.038277891 | Z34: =U35-U34 -> 0 | AA34: =V35-V34 -> -0.024443188
B35: 33 | C35: 1.075 | D35: 0 | E35: 0 | F35: 0 | G35: 0 | H35: tc1 | J35: 33 | K35: 1.175 | L35: 0 | M35: 0 | N35: 0 | O35: th1 | R35: 1.225 | S35: -0.010851211 | T35: 0.16470223 | U35: 0.0036282196 | V35: -0.10682146
B36: 34 | C36: 1.075 | D36: -19.805486 | E36: 0.14606439 | F36: 11.492 | G36: 61.27412 | H36: tc2 | J36: 34 | K36: 1.175 | L36: 41.027449 | M36: 2.9439095 | N36: 12.503198 | O36: th2
B37: 35 | C37: 1.075 | D37: 40.086183 | E37: 0.12169944 | F37: 3.954 | G37: 16.720893 | H37: th2 - alt | J37: 35 | K37: 1.175 | L37: 0 | M37: 0 | N37: 0 | O37: tc1 | X37: 385 | Y37: 400 | Z37: 560 | AA37: 340
B38: 36 | C38: 1.125 | D38: 0 | E38: 0 | F38: 0 | G38: 0 | H38: th1 | J38: 36 | K38: 1.175 | L38: -21.065592 | M38: 14.954398 | N38: 58.176352 | O38: tc2
B39: 37 | C39: 1.125 | D39: 39.826483 | E39: 0.17961247 | F39: 6.605 | G39: 20.145005 | H39: th2 | J39: 37 | K39: 1.225 | L39: 0 | M39: 0 | N39: 0 | O39: th1 | X39: =AVERAGE(X22:X34)*X37% -> 0 | Y39: =AVERAGE(Y22:Y34)*Y37% -> 0.14153441 | Z39: =AVERAGE(Z22:Z34)*Z37% -> 0 | AA39: =AVERAGE(AA22:AA34)*AA37% -> -0.076822917
B40: 38 | C40: 1.125 | D40: 0 | E40: 0 | F40: 0 | G40: 0 | H40: tc1 | J40: 38 | K40: 1.225 | L40: 40.945148 | M40: 4.0452786 | N40: 14.990415 | O40: th2 | X40: =_xlfn.STDEV.P(X26:X34) -> 0 | Y40: =_xlfn.STDEV.P(Y26:Y34) -> 0.00070203714 | Z40: =_xlfn.STDEV.P(Z26:Z34) -> 0 | AA40: =_xlfn.STDEV.P(AA26:AA34) -> 0.00044830123
B41: 39 | C41: 1.125 | D41: -19.912259 | E41: 1.655282 | F41: 10.594 | G41: 93.342379 | H41: tc2 | J41: 39 | K41: 1.225 | L41: 0 | M41: 0 | N41: 0 | O41: tc1
B42: 40 | C42: 1.125 | D42: 39.826496 | E42: 0.17970193 | F42: 6.605 | G42: 20.144396 | H42: th2 - alt | J42: 40 | K42: 1.225 | L42: -21.535416 | M42: 18.360905 | N42: 57.346825 | O42: tc2
B43: 41 | C43: 1.175 | D43: 0 | E43: 0 | F43: 0 | G43: 0 | H43: th1
B44: 42 | C44: 1.175 | D44: 39.794866 | E44: 0.11321187 | F44: 5.952 | G44: 18.96782 | H44: th2
B45: 43 | C45: 1.175 | D45: 0 | E45: 0 | F45: 0 | G45: 0 | H45: tc1 | L45: =AVERAGE(L31,L27,L23,L19,L15,L11,L7,L3,L35,L39) -> 0 | M45: =AVERAGE(M31,M27,M23,M19,M15,M11,M7,M3,M35,M39) -> 0 | N45: =AVERAGE(N31,N27,N23,N19,N15,N11,N7,N3,N35,N39) -> 0
B46: 44 | C46: 1.175 | D46: -19.980265 | E46: 1.447835 | F46: 12.078 | G46: 86.842002 | H46: tc2 | L46: =AVERAGE(L32,L28,L24,L20,L16,L12,L8,L4,L36,L40) -> 40.097751 | M46: =AVERAGE(M32,M28,M24,M20,M16,M12,M8,M4,M36,M40) -> 2.6413723 | N46: =AVERAGE(N32,N28,N24,N20,N16,N12,N8,N4,N36,N40) -> 13.652913
B47: 45 | C47: 1.175 | D47: 39.794866 | E47: 0.11321187 | F47: 5.952 | G47: 18.96782 | H47: th2 - alt | L47: =AVERAGE(L33,L29,L25,L21,L17,L13,L9,L5,L37,L41) -> 0 | M47: =AVERAGE(M33,M29,M25,M21,M17,M13,M9,M5,M37,M41) -> 0 | N47: =AVERAGE(N33,N29,N25,N21,N17,N13,N9,N5,N37,N41) -> 0
B48: 46 | C48: 1.225 | D48: 0 | E48: 0 | F48: 0 | G48: 0 | H48: th1 | L48: =AVERAGE(L34,L30,L26,L22,L18,L14,L10,L6,L38,L42) -> -20.643121 | M48: =AVERAGE(M34,M30,M26,M22,M18,M14,M10,M6,M38,M42) -> 13.248087 | N48: =AVERAGE(N34,N30,N26,N22,N18,N14,N10,N6,N38,N42) -> 59.636392
B49: 47 | C49: 1.225 | D49: 41.021737 | E49: 0.11423396 | F49: 7.966 | G49: 24.203864 | H49: th2
B50: 48 | C50: 1.225 | D50: 0 | E50: 0 | F50: 0 | G50: 0 | H50: tc1
B51: 49 | C51: 1.225 | D51: -20.068873 | E51: 1.9206742 | F51: 13.611 | G51: 93.582147 | H51: tc2
B52: 50 | C52: 1.225 | D52: 41.021846 | E52: 0.11424701 | F52: 7.966 | G52: 24.203866 | H52: th2 - alt
D55: =AVERAGE(D48,D43,D38,D33,D28,D23,D18,D13,D8,D3) -> 0 | E55: =AVERAGE(E48,E43,E38,E33,E28,E23,E18,E13,E8,E3) -> 0 | F55: =AVERAGE(F48,F43,F38,F33,F28,F23,F18,F13,F8,F3) -> 0 | G55: =AVERAGE(G48,G43,G38,G33,G28,G23,G18,G13,G8,G3) -> 0
D56: =AVERAGE(D49,D44,D39,D34,D29,D24,D19,D14,D9,D4) -> 39.158947 | E56: =AVERAGE(E49,E44,E39,E34,E29,E24,E19,E14,E9,E4) -> 0.12351144 | F56: =AVERAGE(F49,F44,F39,F34,F29,F24,F19,F14,F9,F4) -> 5.8835 | G56: =AVERAGE(G49,G44,G39,G34,G29,G24,G19,G14,G9,G4) -> 15.5875
D57: =AVERAGE(D50,D45,D40,D35,D30,D25,D20,D15,D10,D5) -> 0 | E57: =AVERAGE(E50,E45,E40,E35,E30,E25,E20,E15,E10,E5) -> 0 | F57: =AVERAGE(F50,F45,F40,F35,F30,F25,F20,F15,F10,F5) -> 0 | G57: =AVERAGE(G50,G45,G40,G35,G30,G25,G20,G15,G10,G5) -> 0
D58: =AVERAGE(D51,D46,D41,D36,D31,D26,D21,D16,D11,D6) -> -19.719907 | E58: =AVERAGE(E51,E46,E41,E36,E31,E26,E21,E16,E11,E6) -> 1.1824647 | F58: =AVERAGE(F51,F46,F41,F36,F31,F26,F21,F16,F11,F6) -> 11.1647 | G58: =AVERAGE(G51,G46,G41,G36,G31,G26,G21,G16,G11,G6) -> 84.218826
D59: =AVERAGE(D52,D47,D42,D37,D32,D27,D22,D17,D12,D7) -> 39.158959 | E59: =AVERAGE(E52,E47,E42,E37,E32,E27,E22,E17,E12,E7) -> 0.12352083 | F59: =AVERAGE(F52,F47,F42,F37,F32,F27,F22,F17,F12,F7) -> 5.8835 | G59: =AVERAGE(G52,G47,G42,G37,G32,G27,G22,G17,G12,G7) -> 15.587439

Sheet Variar Nominales c112 Update
A1: uc112 | B1: Parameter Array (tiempo muerto) | J1: Sin Tiempo Muerto | Q1: error final vs setpoint (en % de sp)
B2: n | C2: Valor | D2: Kp | E2: Tp | F2: Td | G2: % | H2: Salida | J2: n | K2: Valor | L2: Kp | M2: Tp | N2: % | O2: Salida | Q2: n | R2: Valor | S2: th1 | T2: th2 | U2: tc1 | V2: tc2
B3: 1 | C3: 0.005 | D3: 30.677389 | E3: 1.2426132 | F3: 4.488 | G3: 88.221582 | H3: th1 | J3: 1 | K3: 0.005 | L3: 31.14212 | M3: 5.7439545 | N3: 69.49919 | O3: th1 | Q3: 1 | R3: 0.0025 | S3: 0.0090221837 | T3: -0.0082229777 | U3: 1.5084494e-05 | V3: 6.9861312e-05 | X3: =S4-S3 -> 0.019979332 | Y3: =T4-T3 -> -0.0028927697 | Z3: =U4-U3 -> -0.0036323954 | AA3: =V4-V3 -> -0.0017054643
B4: 2 | C4: 0.005 | D4: -4.8337206 | E4: 0.32023905 | F4: 3.695 | G4: 48.205494 | H4: th2 | J4: 2 | K4: 0.005 | L4: -4.7981686 | M4: 2.4991242 | N4: 38.833926 | O4: th2 | Q4: 2 | R4: 0.005 | S4: 0.029001516 | T4: -0.011115747 | U4: -0.0036173109 | V4: -0.001635603 | X4: =S5-S4 -> 0.020086099 | Y4: =T5-T4 -> -0.0029082282 | Z4: =U5-U4 -> -0.0036518063 | AA4: =V5-V4 -> -0.0017145781
B5: 3 | C5: 0.005 | D5: -8.397674 | E5: 0.12705245 | F5: 3.659 | G5: 37.931584 | H5: tc1 | J5: 3 | K5: 0.005 | L5: -8.4966059 | M5: 2.0004939 | N5: 30.251444 | O5: tc1 | Q5: 3 | R5: 0.0075 | S5: 0.049087614 | T5: -0.014023976 | U5: -0.0072691172 | V5: -0.0033501811 | X5: =S6-S5 -> 0.020193702 | Y5: =T6-T5 -> -0.0029238079 | Z5: =U6-U5 -> -0.0036713695 | AA5: =V6-V5 -> -0.0017237633
B6: 4 | C6: 0.005 | D6: -2.426524 | E6: 0.7320128 | F6: 1.801 | G6: 46.674296 | H6: tc2 | J6: 4 | K6: 0.005 | L6: -2.4168021 | M6: 1.9080871 | N6: 38.051811 | O6: tc2 | Q6: 4 | R6: 0.01 | S6: 0.069281317 | T6: -0.016947784 | U6: -0.010940487 | V6: -0.0050739444 | X6: =S7-S6 -> 0.020302152 | Y6: =T7-T6 -> -0.0029395102 | Z6: =U7-U6 -> -0.0036910865 | AA6: =V7-V6 -> -0.0017330207
B7: 5 | C7: 0.005 | D7: 0 | E7: 0 | F7: 0 | G7: 0 | J7: 5 | K7: 0.01 | L7: 31.416727 | M7: 6.7494736 | N7: 70.170431 | O7: th1 | Q7: 5 | R7: 0.0125 | S7: 0.089583469 | T7: -0.019887294 | U7: -0.014631573 | V7: -0.0068069651 | X7: =S8-S7 -> 0.020411457 | Y7: =T8-T7 -> -0.0029553362 | Z7: =U8-U7 -> -0.0037109589 | AA7: =V8-V7 -> -0.0017423511
B8: 6 | C8: 0.01 | D8: 30.889404 | E8: 1.920838 | F8: 4.611 | G8: 93.071405 | H8: th1 | J8: 6 | K8: 0.01 | L8: -4.8347328 | M8: 2.9953195 | N8: 40.234548 | O8: th2 | Q8: 6 | R8: 0.015 | S8: 0.10999493 | T8: -0.02284263 | U8: -0.018342532 | V8: -0.0085493162 | X8: =S9-S8 -> 0.020521625 | Y8: =T9-T8 -> -0.0029712872 | Z8: =U9-U8 -> -0.0037309883 | AA8: =V9-V8 -> -0.0017517552
B9: 7 | C9: 0.01 | D9: -4.8278101 | E9: 0.12917934 | F9: 4.94 | G9: 50.946657 | H9: th2 | J9: 7 | K9: 0.01 | L9: -8.5629352 | M9: 2.5000483 | N9: 30.146856 | O9: tc1 | Q9: 7 | R9: 0.0175 | S9: 0.13051655 | T9: -0.025813917 | U9: -0.022073521 | V9: -0.010301071 | X9: =S10-S9 -> 0.020632665 | Y9: =T10-T9 -> -0.0029873645 | Z9: =U10-U9 -> -0.0037511763 | AA9: =V10-V9 -> -0.0017612338
B10: 8 | C10: 0.01 | D10: -7.9960243 | E10: 0.11905283 | F10: 4.947 | G10: 32.519733 | H10: tc1 | J10: 8 | K10: 0.01 | L10: -2.436004 | M10: 2.324966 | N10: 40.219699 | O10: tc2 | Q10: 8 | R10: 0.02 | S10: 0.15114922 | T10: -0.028801282 | U10: -0.025824697 | V10: -0.012062305 | X10: =S11-S10 -> 0.020744587 | Y10: =T11-T10 -> -0.0030035695 | Z10: =U11-U10 -> -0.0037715245 | AA10: =V11-V10 -> -0.0017707876
B11: 9 | C11: 0.01 | D11: -2.4508556 | E11: 0.70504678 | F11: 2.655 | G11: 48.45394 | H11: tc2 | J11: 9 | K11: 0.015 | L11: 31.930105 | M11: 9.380262 | N11: 63.920789 | O11: th1 | Q11: 9 | R11: 0.0225 | S11: 0.1718938 | T11: -0.031804851 | U11: -0.029596221 | V11: -0.013833093 | X11: =S12-S11 -> 0.020857399 | Y11: =T12-T11 -> -0.0030199033 | Z11: =U12-U11 -> -0.0037920347 | AA11: =V12-V11 -> -0.0017804174
B12: 10 | C12: 0.01 | D12: 0 | E12: 0 | F12: 0 | G12: 0 | J12: 10 | K12: 0.015 | L12: -4.8469512 | M12: 4.6252099 | N12: 36.774273 | O12: th2 | Q12: 10 | R12: 0.025 | S12: 0.1927512 | T12: -0.034824754 | U12: -0.033388256 | V12: -0.01561351 | X12: =S13-S12 -> 0.020971111 | Y12: =T13-T12 -> -0.0030363675 | Z12: =U13-U12 -> -0.0038127084 | AA12: =V13-V12 -> -0.001790124
B13: 11 | C13: 0.015 | D13: 31.085103 | E13: 2.1967349 | F13: 6.628 | G13: 92.602063 | H13: th1 | J13: 11 | K13: 0.015 | L13: -8.5860764 | M13: 3.9680391 | N13: 25.61765 | O13: tc1 | Q13: 11 | R13: 0.0275 | S13: 0.21372231 | T13: -0.037861122 | U13: -0.037200964 | V13: -0.017403634 | X13: =S14-S13 -> 0.021085732 | Y13: =T14-T13 -> -0.0030529632 | Z13: =U14-U13 -> -0.0038335473 | AA13: =V14-V13 -> -0.0017999082
B14: 12 | C14: 0.015 | D14: -4.8991346 | E14: 0.77770695 | F14: 5.737 | G14: 53.684232 | H14: th2 | J14: 12 | K14: 0.015 | L14: -2.4421239 | M14: 3.6693231 | N14: 35.716057 | O14: tc2 | Q14: 12 | R14: 0.03 | S14: 0.23480804 | T14: -0.040914085 | U14: -0.041034512 | V14: -0.019203542 | X14: =S15-S14 -> 0.021201272 | Y14: =T15-T14 -> -0.003069692 | Z14: =U15-U14 -> -0.0038545533 | AA14: =V15-V14 -> -0.0018097708
B15: 13 | C15: 0.015 | D15: -8.7761232 | E15: 0.032011686 | F15: 6.953 | G15: 40.340503 | H15: tc1 | J15: 13 | K15: 0.02 | L15: 32.254846 | M15: 10.458851 | N15: 62.922882 | O15: th1 | Q15: 13 | R15: 0.0325 | S15: 0.25600932 | T15: -0.043983777 | U15: -0.044889065 | V15: -0.021013313 | X15: =S16-S15 -> 0.02131774 | Y15: =T16-T15 -> -0.0030865552 | Z15: =U16-U15 -> -0.0038757281 | AA15: =V16-V15 -> -0.0018197127
B16: 14 | C16: 0.015 | D16: -2.4624508 | E16: 1.1282373 | F16: 3.859 | G16: 48.714266 | H16: tc2 | J16: 14 | K16: 0.02 | L16: -4.877347 | M16: 5.2636731 | N16: 36.773377 | O16: th2 | Q16: 14 | R16: 0.035 | S16: 0.27732706 | T16: -0.047070332 | U16: -0.048764793 | V16: -0.022833026 | X16: =S17-S16 -> 0.021435145 | Y16: =T17-T16 -> -0.0031035541 | Z16: =U17-U16 -> -0.0038970733 | AA16: =V17-V16 -> -0.0018297346
B17: 15 | C17: 0.015 | D17: 0 | E17: 0 | F17: 0 | G17: 0 | J17: 15 | K17: 0.02 | L17: -8.6411022 | M17: 4.5246149 | N17: 25.635453 | O17: tc1 | Q17: 15 | R17: 0.0375 | S17: 0.2987622 | T17: -0.050173886 | U17: -0.052661866 | V17: -0.024662761 | X17: =S18-S17 -> 0.021553499 | Y17: =T18-T17 -> -0.0031206903 | Z17: =U18-U17 -> -0.0039185909 | AA17: =V18-V17 -> -0.0018398375
B18: 16 | C18: 0.02 | D18: 31.249848 | E18: 2.1984653 | F18: 7.548 | G18: 92.252292 | H18: th1 | J18: 16 | K18: 0.02 | L18: -2.4571404 | M18: 4.1851287 | N18: 35.657861 | O18: tc2 | Q18: 16 | R18: 0.04 | S18: 0.3203157 | T18: -0.053294577 | U18: -0.056580457 | V18: -0.026502598 | X18: =S19-S18 -> 0.02167281 | Y18: =T19-T18 -> -0.0031379651 | Z18: =U19-U18 -> -0.0039402826 | AA18: =V19-V18 -> -0.001850022
B19: 17 | C19: 0.02 | D19: -4.8937808 | E19: 0.13249933 | F19: 7.933 | G19: 53.49553 | H19: th2 | J19: 17 | K19: 0.025 | L19: 32.490612 | M19: 10.969445 | N19: 62.565932 | O19: th1 | Q19: 17 | R19: 0.0425 | S19: 0.34198851 | T19: -0.056432542 | U19: -0.06052074 | V19: -0.02835262 | X19: =S20-S19 -> 0.021793089 | Y19: =T20-T19 -> -0.0031553801 | Z19: =U20-U19 -> -0.0039621503 | AA19: =V20-V19 -> -0.0018602892
B20: 18 | C20: 0.02 | D20: -8.6461108 | E20: 0.12499147 | F20: 7.932 | G20: 37.917381 | H20: tc1 | J20: 18 | K20: 0.025 | L20: -4.9130757 | M20: 5.5265711 | N20: 37.469652 | O20: th2 | Q20: 18 | R20: 0.045 | S20: 0.3637816 | T20: -0.059587922 | U20: -0.06448289 | V20: -0.030212909 | X20: =S21-S20 -> 0.021914346 | Y20: =T21-T20 -> -0.0031729367 | Z20: =U21-U20 -> -0.0039841957 | AA20: =V21-V20 -> -0.0018706399
B21: 19 | C21: 0.02 | D21: -2.4841468 | E21: 0.62169233 | F21: 5.578 | G21: 50.180864 | H21: tc2 | J21: 19 | K21: 0.025 | L21: -8.7002109 | M21: 4.7459879 | N21: 26.259356 | O21: tc1 | Q21: 19 | R21: 0.0475 | S21: 0.38569595 | T21: -0.062760859 | U21: -0.068467086 | V21: -0.032083549 | X21: =S22-S21 -> 0.022036592 | Y21: =T22-T21 -> -0.0031906364 | Z21: =U22-U21 -> -0.0040064209 | AA21: =V22-V21 -> -0.001881075
B22: 20 | C22: 0.02 | D22: 0 | E22: 0 | F22: 0 | G22: 0 | J22: 20 | K22: 0.025 | L22: -2.4755143 | M22: 4.3737757 | N22: 36.196216 | O22: tc2 | Q22: 20 | R22: 0.05 | S22: 0.40773254 | T22: -0.065951495 | U22: -0.072473507 | V22: -0.033964624 | X22: =S23-S22 -> 0.022159836 | Y22: =T23-T22 -> -0.0032084808 | Z22: =U23-U22 -> -0.0040288277 | AA22: =V23-V22 -> -0.0018915953
B23: 21 | C23: 0.025 | D23: 31.345691 | E23: 1.335555 | F23: 9.149 | G23: 84.732587 | H23: th1 | J23: 21 | K23: 0.03 | L23: 32.810494 | M23: 11.931856 | N23: 61.992183 | O23: th1 | Q23: 21 | R23: 0.0525 | S23: 0.42989237 | T23: -0.069159976 | U23: -0.076502335 | V23: -0.035856219 | X23: =S24-S23 -> 0.02228409 | Y23: =T24-T23 -> -0.0032264713 | Z23: =U24-U23 -> -0.004051418 | AA23: =V24-V23 -> -0.0019022018
B24: 22 | C24: 0.025 | D24: -4.9556592 | E24: 1.3258997 | F24: 5.889 | G24: 54.559861 | H24: th2 | J24: 22 | K24: 0.03 | L24: -4.9473449 | M24: 6.0609398 | N24: 37.278765 | O24: th2 | Q24: 22 | R24: 0.055 | S24: 0.45217646 | T24: -0.072386447 | U24: -0.080553753 | V24: -0.037758421 | X24: =S25-S24 -> 0.022409365 | Y24: =T25-T24 -> -0.0032446095 | Z24: =U25-U24 -> -0.0040741939 | AA24: =V25-V24 -> -0.0019128954
B25: 23 | C25: 0.025 | D25: -8.6717509 | E25: 0.12957057 | F25: 7.935 | G25: 41.662078 | H25: tc1 | J25: 23 | K25: 0.03 | L25: -8.762309 | M25: 5.2071277 | N25: 25.739878 | O25: tc1 | Q25: 23 | R25: 0.0575 | S25: 0.47458583 | T25: -0.075631057 | U25: -0.084627947 | V25: -0.039671317 | X25: =S26-S25 -> 0.02253567 | Y25: =T26-T25 -> -0.0032628971 | Z25: =U26-U25 -> -0.0040971572 | AA25: =V26-V25 -> -0.001923677
B26: 24 | C26: 0.025 | D26: -2.4984891 | E26: 1.2083314 | F26: 4.762 | G26: 50.427497 | H26: tc2 | J26: 24 | K26: 0.03 | L26: -2.4925089 | M26: 4.8028931 | N26: 35.955824 | O26: tc2 | Q26: 24 | R26: 0.06 | S26: 0.4971215 | T26: -0.078893954 | U26: -0.088725104 | V26: -0.041594994 | X26: =S27-S26 -> 0.022663018 | Y26: =T27-T26 -> -0.0032813355 | Z26: =U27-U26 -> -0.0041203101 | AA26: =V27-V26 -> -0.0019345476
B27: 25 | C27: 0.025 | D27: 0 | E27: 0 | F27: 0 | G27: 0 | J27: 25 | K27: 0.035 | L27: 33.19356 | M27: 13.428463 | N27: 64.193634 | O27: th1 | Q27: 25 | R27: 0.0625 | S27: 0.51978452 | T27: -0.082175289 | U27: -0.092845414 | V27: -0.043529541 | X27: =S28-S27 -> 0.02279142 | Y27: =T28-T27 -> -0.0032999265 | Z27: =U28-U27 -> -0.0041436544 | AA27: =V28-V27 -> -0.0019455082
B28: 26 | C28: 0.03 | D28: 31.514133 | E28: 1.3043252 | F28: 10.052 | G28: 82.969324 | H28: th1 | J28: 26 | K28: 0.035 | L28: -5.01996 | M28: 6.2869069 | N28: 35.695359 | O28: th2 | Q28: 26 | R28: 0.065 | S28: 0.54257594 | T28: -0.085475216 | U28: -0.096989068 | V28: -0.045475049 | X28: =S29-S28 -> 0.022920886 | Y28: =T29-T28 -> -0.0033186717 | Z28: =U29-U28 -> -0.0041671924 | AA28: =V29-V28 -> -0.0019565596
B29: 27 | C29: 0.03 | D29: -4.9781443 | E29: 0.13211353 | F29: 8.909 | G29: 55.197751 | H29: th2 | J29: 27 | K29: 0.035 | L29: -9.0001872 | M29: 5.0922843 | N29: 20.782363 | O29: tc1 | Q29: 27 | R29: 0.0675 | S29: 0.56549682 | T29: -0.088793887 | U29: -0.10115626 | V29: -0.047431609 | X29: =S30-S29 -> 0.023051429 | Y29: =T30-T29 -> -0.0033375728 | Z29: =U30-U29 -> -0.0041909261 | AA29: =V30-V29 -> -0.0019677029
B30: 28 | C30: 0.03 | D30: -8.7590695 | E30: 0.1254491 | F30: 8.952 | G30: 37.985761 | H30: tc1 | J30: 28 | K30: 0.035 | L30: -2.5409935 | M30: 4.8080719 | N30: 34.456751 | O30: tc2 | Q30: 28 | R30: 0.07 | S30: 0.58854825 | T30: -0.09213146 | U30: -0.10534719 | V30: -0.049399312 | X30: =S31-S30 -> 0.02318306 | Y30: =T31-T30 -> -0.0033566313 | Z30: =U31-U30 -> -0.0042148575 | AA30: =V31-V30 -> -0.0019789391
B31: 29 | C31: 0.03 | D31: -2.5225552 | E31: 0.65430585 | F31: 6.533 | G31: 50.548333 | H31: tc2 | J31: 29 | K31: 0.04 | L31: 33.489829 | M31: 13.998513 | N31: 63.900385 | O31: th1 | Q31: 29 | R31: 0.0725 | S31: 0.61173131 | T31: -0.095488092 | U31: -0.10956204 | V31: -0.051378251 | X31: =S32-S31 -> 0.02331579 | Y31: =T32-T31 -> -0.0033758491 | Z31: =U32-U31 -> -0.004238989 | AA31: =V32-V31 -> -0.0019902692
B32: 30 | C32: 0.03 | D32: 0 | E32: 0 | F32: 0 | G32: 0 | J32: 30 | K32: 0.04 | L32: -5.0404424 | M32: 6.6368377 | N32: 36.319645 | O32: th2 | Q32: 30 | R32: 0.075 | S32: 0.6350471 | T32: -0.098863941 | U32: -0.11380103 | V32: -0.05336852
B33: 31 | C33: 0.035 | D33: 31.807621 | E33: 2.9885693 | F33: 9.29 | G33: 90.427331 | H33: th1 | J33: 31 | K33: 0.04 | L33: -9.0429208 | M33: 5.334141 | N33: 21.321669 | O33: tc1
B34: 32 | C34: 0.035 | D34: -5.0713872 | E34: 0.13146731 | F34: 9.848 | G34: 50.128059 | H34: th2 | J34: 32 | K34: 0.04 | L34: -2.552196 | M34: 5.0310718 | N34: 34.830432 | O34: tc2
B35: 33 | C35: 0.035 | D35: -9.0759516 | E35: 0.12930337 | F35: 8.908 | G35: 34.927688 | H35: tc1 | J35: 33 | K35: 0.045 | L35: 33.781539 | M35: 14.486398 | N35: 62.207359 | O35: th1
B36: 34 | C36: 0.035 | D36: -2.5654907 | E36: 0.1354202 | F36: 8.631 | G36: 41.447752 | H36: tc2 | J36: 34 | K36: 0.045 | L36: -5.0576002 | M36: 7.0012689 | N36: 34.942676 | O36: th2 | Q36: 1 | R36: 0.005 | S36: 0.029001516 | T36: -0.011115747 | U36: -0.0036173109 | V36: -0.001635603 | X36: =S37-S36 -> 0.040279801 | Y36: =T37-T36 -> -0.0058320361 | Z36: =U37-U36 -> -0.0073231759 | AA36: =V37-V36 -> -0.0034383414
